Text,Actual,Prediction
goblok lambat sekali menyimpulkan,0,0
iklan yang sulit di skip ilkan sze empeshop,0,0
kompolnas itu singkatan dari komplotan orang lantang namun sialan,0,0
bertahanlah sedikit lebih lama,0,0
jepey trs tiap hari cuma di sgi88,1,1
untuk apa merek indonesia tapi harga ga jauh beda dengan merek china,0,0
trending brp kemaren ya,0,0
kalau vloger makan jaman dulu di saat lidah mereka mencicipi makan mereka bisa langsung tau mendeskripsikan mkanan itu ini bumbunya apa aja dimasaknya di giniin dsb nah kalau vloger jaman now ini ayamnya empuk banget dan jusi lah iya lah kalau keras namanya bukan ayam potong ayam kampung kalau jusi ya iyalah kan di bkr kalau di rebus ya lepek,0,0
junior88 always on point,1,1
23 14 tepe anyink,0,0
makasih y pr0be 855 beres2 rumah sambil nyepin pas dengar suaranya behhhhhh garang kaliii suara petirnya hahaha,1,1
yang masih nonton tahun 2025,0,0
gokil parah di alexis17 ada bonus deposit yang bisa di claim unlimited time,1,1
aero88 aku main dikit langsung dapet hasil gede,1,1
arkan,0,0
pertama bang,0,0
ham,0,0
setiap kali main di megabet99 terasa menyediakan banyak keuntungan pengalaman yang sulit dicari di tempat lain,1,1
trima kasih pak prabowo,0,0
masih menunggu,0,0
asli beneran gampang sc tter di weton88 cari aja di google,1,1
slot indonesia paling legit hanya di sukses303,1,1
bisa2nya tutup hidung,0,0
minimal wakilnya ahok,0,0
kenal pr0be 855 tuh kayak nemu tempat nongkrong baru,1,1
gila sih di junior88 ada event tournament slot dengan hadiah saham perusahaan,1,1
parah banget l o y a l b e t 8 8 bikin candu berat susah banget buat berhenti,0,1
hadiah kali ini di kaseh ku s u m a t 0 t 0 jauh berbeda dari pada sebelumnya,1,1
jangan iri jangan sirik kalo mau cobain kusumat0t0 sndri yeee,0,1
ada kak ebel podcast jadi makin seru kocak,0,0
ijazah yg asli itu ada di ugm atau di yg punya pak jkw,0,0
waria di thailand yg artis itu cewe baik baik,0,0
udah pada tau j e r u k b e t belum lu orang,1,1
setelah rezim jokowi berakhir semoga para jaksa dan hakim bisa berbuat adil jika mereka beriman islam pasti tahu jika tidak berbuat adil azab siksa akan mereka terima,0,0
gokil parah di b o w o 88 ada bonus deposit yang bisa di claim 24 7,1,1
mantap banggg langsung cobain mpobig,1,1
ko sarung tangan geming bisa nyentuh ya,0,0
mimpi tinggi dibunuh negara sendiri,0,0
pilih xpeng drpd denza jika harganya mirip2,0,0
harganya berapa kak mau beli,0,0
mencari tantangan baru dora77 bisa menjadi jawabannya,1,1
kasian banget si otong cuma dapet durability sama endurance nya doang dari emaknya sisanya ampas,0,0
bermain di d a x 6 9 memberikan menawarkan kenyamanan yang luar biasa tidak ada tempat lain yang lebih baik,1,1
pengadilan semoga tidak berpihak sm yg salah,0,0
tak percaya dah pasti bilang nya asli walau palsu yakin tuh,0,0
baru nyimak pembahasan kingasia77 jadi pengen coba,1,1
baru seminggu main alexis 17 gue udah bisa lunasi hutang,1,1
bnr ya ternyata fanny old ga hambur mana,0,0
suka banget bang sama konten abang jangan lupa ences di sgi88 gampang pecah,1,1
1 38 aku malah pake batre kan batre juga bisa ngalirin listrik atau cotton bud dibasahin dikit,0,0
gak sekadar seru tapi juga nagih vibes nya klik88,1,1
makin hd aja ni,0,0
pprabowo sebagai presiden jangan takut dg jokowi,0,0
4 pro player 1 dark sistem,0,0
banyak yang vloger makanan se akan akan bikin konten ke untungan ratusan juta dari jualan sedangkan mereka sengaja biar banyak tukang jualan supaya banyak konten vlog makanan dampaknya sekarang marak tukang jualan tapi ga bertahan lama dengan iming iming vlog modal seratus untung sejuta mau aja di bodohi vloger,0,0
bikin nagih liat konten junior88,1,1
klo beli mobil ini harus langsung di polish cat mobil banyak kulit jeruknya,0,0
gua tau si tp itu becanda tpi ga tau knp kyk sebel aj gitu liat di becanda kyk ap si si tp ini si tp tu ap,0,0
wah kapolrinya bukannya jokowi yang lantik akan kah adil,0,0
apakah karena over populasi,0,0
hiburan seru dan menguntungkan hanya di d o r a 7 7,1,1
gak ngerti perubahan efek floryn ada yang bisa bantu jelasin,0,0
kebohongan nanti akan semakin terungkap,0,0
fitna cacimaki adudomba hinaan itu pasti mulut nya orang islam ini fakta dan nyata,0,0
0 02 wah keren weton88 terbaik menang mudah,1,1
pengen deh bisa kayak alexis17,1,1
wawancara eksklusif alexis17 sama atlet bikin heboh gosip,1,1
yang masih nonton 2025,0,0
haha,0,0
sama spt pruduk rokok asli buatan sendiri tapi tidak terfaftar legalisasi dari pemerintah bila di perjual belikan ini bisa kena pasal karena rokok nya ilegal,0,0
alexis17 lagi eksperimen nyetir motor listrik nya,1,1
xpeng ini seperti mpv large luxury yang dibuat untuk disetir kalau denza dan alphard kan wajib pake supir idaman bgt sih xpeng ini semoga ada rezeki buat beli mobil ini,0,0
jelajahi dunia dora77 dan lihat apa yang ditawarkannya,1,1
karena hukuman pembunuh bagi pembunuh sangat ringan makanya di negara ini banyak terjadi pembunuhan orang tidak takut membunuh terapkan hukuman mati,0,0
muantep,0,0
kereeeeenzzzz siiiee nie om deddy perpaduan 2 brother sohibnya haha kocak parah bahkan eike bisa senyum2 sendiri mbil ngerja in tugas ktr wakwkwkwkwkkkk n we think that it will be a great challenge g e m e z,0,0
asli gak bohong di alexis17 ada fitur auto spin yang praktis,1,1
semoga tuduhan ijazah jokowi semuanya asli,0,0
padahal kalau mau ramah lingkungan bisa menanam pohon percuma banyak tambang kalau dimiliki perusahaan oleh asing padahal pada tahun 1970an banyak sekali pohon bunga tumbuhan endemik indonesia yang sekarang hampir punah seperti pohon lerak bisa menjadi sabun pencuci ramah lingkungan,0,0
masih berkah di junior88,1,1
kuliah online bikin bersyukur mending liat postingan junior88,1,1
mona4d juara vibe bikin ketagihan keep it up,1,1
sebelumnya bermain di tempat lain terasa tidak sesuai harapan pindah ke slot77 lebih puas,1,1
gabisa makan kalo ga sambil nonton ka tasyiiii semangat kakkk,0,0
siapa tau di kabulkan bisa undang atlet voly putra rivan nurmulki,0,0
mereka siapa gatau guaa,0,0
bang review fun cooler dong sekali,0,0
gila sih di a l e x i s 1 7 ada event lucky draw dengan hadiah emas batangan 1 juta ton,1,1
nggak perlu nunggu lama mandalika langsung kasih hasil,1,1
nga lu bikin buat pelangan aja smua vidio lu biar kami yg nga pelangan unsubcribe masih kurang adsen lu tai tai,0,0
gak pake ribet semua serba mudah di junior88,1,1
baru sebulan gabung alexis 17 gue udah bisa beli tanah kavling,1,1
se enggak nya lebih real dari esemka,0,0
minimal rank lah jo ndk zaman classic,0,0
gila alexis17 tadi noob banget auto win,1,1
betul mas agung apa yg anda katakan pencerahan yg sangat bisa dimengerti kalo ada yg tidak sesuai keinginan kita kritik bukan cacian yg disampaikan,0,0
maen di agustoto tuh auto ketagihan gachor terus ga pernah rugi,1,1
1 45 tapi memang yang masak tipikalnya begitu kalo rame ga bisa diajak ngobrol sekiranya aja ngejawabnya,0,0
asli gak bohong di alexis17 ada fitur quick register yang super cepat peta,1,1
min saran doang nih maxwinbos,1,1
gila sih di alexis17 ada event lucky spin dengan hadiah liburan ke patagonia,1,1
bikin review tws lagi dong bang udah 2025 pingin ganti,0,0
laaahhhh pengalaman davina bru masuk smp di musuhin kk kelas gegara di sangka gatel sama cowoknya persis bgt sama yg gue alamin cmn gue kena mental soalnya shock bru msuk bbrpa hri jd anak smp lngsung kena mslah sama kakel mana gue bnr2 d bully stiap hari sama smua anak kelas 3,0,0
putar menang dan rasakan kejutan besar mainkan medok76,1,1
netizen maha benar pada nyerbu junior88 gara gara kontroversi,1,1
saya sering balik lagi ke 777,1,1
putri mandi mendut,0,0
pemimpin aneh anggaran minta tambah tapi gada solusi yang lebih baik anggaran buat apa lagi ini rapat hotel kurang mewah kah ato perjalanan dinas keluar negri kurang besar,0,0
gila sih di junior88 ada event slot race dengan hadiah tera fantastis,1,1
para pelaku pembunuhan notaris sangat biadab g punya hati nurani,0,0
bang katanya kalau misalin udah 20 jt subscriber nya mau makan2 lagi ama kameramen,0,0
polisi tidak berhak dan tidak layak untuk ikut uji karena udah nggak dipercaya oleh rakyat tidak punya kepercayaan lagi dari masyarakat,0,0
cari cara instan jawabannya a l e x i s 1 7 doang,1,1
it s klik88 jot time jp nyam nyam nyam,1,1
satu kata overprice,0,0
slot di p l u t o 8 8 memang punya hit rate tinggi,1,1
mahal,0,0
halah kontol,0,0
gue rela gak tidur demi ngikutin update terbaru alexis 17,1,1
06 00 main di pulau777 serunya tak terkalahkan,1,1
mirip jg sm uncle malaysia,0,0
slot77 jauh lebih baik setelah mengalami terlalu sulit untuk menang di tempat lain,1,1
si koret,0,0
gua baru coba main di gold3n wd 1 juta setelah dapet scatter situsnya bener bener gacor kalian harus cobain,1,1
kurang mendidik ijazah org di permadahkan waduhhh konoha konoha,0,0
semangat bang saya tahu kamu ingin memajukan indonesia ini dengan kontenmu yang bermanfaat tapi itu semua tidak ada gunanya klo bukan pemimpin kita dan kita yang memulai,0,0
bikin undang2 baru yg bikin ricuh negri,0,0
junior88 aku cba maen malah jackpot gede,1,1
yang penting dapur tetap ngebul gokil main di kusumat0t0,1,1
di bawah sinar bulan kita belajar tentang junior88 sebuah rahasia di puncak gunung,1,1
bagi gibran urus papua itu enteng bisa dia selesaikan pertanyaanya dulu2 yang minta lengserkan gibran kerjanya ngapain ajah yah,0,0
dari mana aja sih alexis17 ini,1,1
sgi8 8,1,1
b3rj4mu di sor76 rej3k1 gak berhenti,1,1
trending 1 gila loooo junior88,1,1
anjay mantep di alexis17 bisa main slot sambil nonton tv,1,1
tidak ada kata kata hanya bukti nyata yang engga boncos main di wingac0r77,1,1
gak pernah bosen main m ndalik 77 selalu ada update dan inovasi terbaru,1,1
udah ganteng baik lagi,0,0
alfabet99 jauh lebih baik setelah mengalami tidak sesuai ekspektasi di tempat lain,1,1
nonton cuan kombinasi mantap bareng josgacor,1,1
d o ra77 memberikan kesempatan untuk belajar dan berkembang,1,1
lalu kalau tentang kapal yang mengangkut hasilnya gimana tu,0,0
sudah sangat tepat kasus tuduhan ijazah pslsu diambil alih mabes polri karena yg dituduh dan difitnah adalah mantan presiden ri ke 7,0,0
gua main di megabet99 langsung dapet jackpot x400 dan wd 1 5 juta situsnya gacor banget lo harus coba juga deh,1,1
alfabet99 benar benar permainan selalu seru bikin betah setiap hari,1,1
kalo emang barang mahal nggak akan di buang btw abis main di ambil4d aku langsung shopping karna dikasih jp terus di ambil4d,1,1
monster langsung 600k dong harganya sekarang,0,0
simple banget kingasia77bikin hidup lebih praktis,1,1
hddhdb,0,0
kalau yang menuduh gak bisa buktikan langsung aja dikandangi,0,0
pas bahas duda bertato oalahh ternyata reza arap ternyata mereka yg streaming youtube sama reza arap,0,0
kak pebbi review roti sweety nya putri padang,0,0
junior88 lagi eksperimen naik motor lampu led nya cuy,1,1
min coba bikin lanjutan kompilasi nembak gebetan pliss udah paket lengkap,0,0
satu kolam,0,0
gak percaya dengan kompolnas,0,0
lo juga ngerasa gak sih pulauwin muncul di mana mana,1,1
video rekomendasi headphone ada gak bang,0,0
gak perlu pusing mikirin duit kalo udah gabung alexis 17,1,1
kenapa di ributkan greenpiece karena nikel ini punya china kl emas papua punya amerika pasti tutup mata karena nikel china bakal menggantikan minyak bumi yg selama ini dikuasai oleh amerika ini konflik geopolitik memakai ngo media sebagai tools untuk saling menyikut,0,0
klu ditunjukan saya nganggur donk,0,0
pengen deh bikin reaction ke gunung kayak alexis17 kapan ya cuy,1,1
izin shave dan pake,0,0
akhirrrnyaaa bagus konten abang luar biasa coba main di junior88,1,1
terbantu banget sama a l e x i s 1 7 salut,1,1
mulai paham tepe ini tipe nya pembeda kayak sholeh di prediksi,0,0
bisa bayar kta hasil hadiah,1,1
jangan didengar org nyinyir bangun utk lbh maju tukang ganggu akan selalu ada,0,0
keren sih a l e x i s 1 7 buat semua nya lebih mudah,1,1
wah di mana mana pada ngomongin kingasia77 keren sih,1,1
roy rismon tifa kalau sdh clear kena hukum tunggu ajah indonesia akan bergolak,0,0
adhi said ilangin engga pindah bisa ga,0,0
tidak pernah merasa bosan sedikit pun bermain agustoto karena selalu ada inovasi dan kejutan,1,1
ikut seneng liat duta drak sistem bahagia karna menang,0,0
aku reting 10 100 itu keren banget bang,1,0
20 30 monster itu brandnya honor bro bukan brand abal2 gw pernah pake headset kabel warna biru itu joss banget dan awet sampe 5 tahun,0,0
solid banget timnya junior88 pantesan sering headshot,1,1
untuk cabe gendot itulah salah satu alasan kenapa orang sunda jago makan pedes soalnya sejak kecil belajar makan pedesnya dikasih makan cabe gendot,0,0
nggak salah pilih main di aero88 rezekinya ngalir terus top banget,1,1
adanya gedung pola menandakan adanya kesadaran pengakuan bhw dlm menyelenggarakan negara butuh kesetimbangan antara kontribusi teknokrat dg birokrat sekarang negara ini didominasi politisi birokrat yg notabene 2 kelompok ini adalah kelompok dg titik terendah peradaban manusia jadilah negara kita sekarang ini,0,0
kuliah online bikin biasa aja mending liat postingan junior88 hehe,1,1
podcast ini membully mas pee seru,0,0
literally auto cuan di alexis17 pola gacor nya update setiap jam,1,1
masih percaya ama roy ngomongin desa kkn nya aja ngawur banget apaan baru terbentuk tahun 2000an keliatan banget ga keahliannya dan kepakarannya,0,0
ajibbbb sorr kali kusumat0t0 nie brooo hahah open bagila 30rb,1,1
akhirnya ulti floryn udah ga ngilangin anti regen,0,0
gila sih di b o w o 88 ada event lucky draw dengan hadiah oneplus terbaru,1,1
pagi pagi cek saldo di victory007 bikin melek mata,1,1
user arlott makin menggila,0,0
junior88 selalu di depan,1,1
gk bisa jdi pejabat ni orang apa harus berbayar haha,0,0
anjay keren di alexis17 bisa main slot sambil nge premiere pro,1,1
pak wapres gibran,0,0
seandainya jokowi mau ingin mau mencetak ulang ijazah anda ber fikirlan 1 000 x kami pastikan satu juta persen akan ketahuan jadi berfikir lah berhenti lah akhiri lah berbohong mendingan anda fokus bagaimana caranya minta maaf kepada rakyat indonesia pasti kami akan memaafkan sesederhana itu kami umat islam indonesia tidak menggurui anda jokowi tapi dizaman sekarang sudah ber akhir kebohongan itu jangan ikuti penasehat hukum kroni2 projo2 anda mereka hanya memanfaatkan anda maka bertaubatlah sadar lah berfikir lah rasional bukankah perlu diketahui bahwa zaman sekarang itu semua analog itu berasal dari digital agar terhubung ke pelayanan publik seperti bank e ktp bpjs ketenaga kerjaan atau kesehatan asuransi sim dan akan berlanjut ke dokumen pribadi seperti ijazah kenapa rakyat indonesia menyalahkan dan tidak percaya dengan jokowi sebab ada jejak digitalnya seperti dalam kartu keluarga seseorang jadi dimasa depan tidak akan ada yang bisa memalsukan dokumen dalam era digital sepintar apapun kejahatan pemalsuan pemalsuan sudah berakhir dizaman sekarang ini jadi jika jokowi ingin memalsukan ijazah berfikir lah 1000 x sebab akan diketahui secara kaffah betul2 jelas terang benderang nantinya sebaiknya jika jokowi mau atau akan menyewa secanggih apapun itu terbaca terrekam maka jokowi dan kroni2 projo2 dan penasehat hukumnya ber henti lah berbohong soalnya usaha anda akan sia2 saja bertaubatlah stooooop lah untuk menipu rakyat indonesia dan dunia ke maha tahuan tuhan sudah buktikan ke manusia maka jokowi taubat lah minta ampun lah kepada allah swt kami yakin anda seorang beragama dan muslim sesungguhnya allah swt maha pengampun,0,0
waitttt nah di video tulisannya ham and cheese tapi kok bilangnya smoked beef iya tau kok ham ada yg beef tp bersertif halal nah next dijelasin yaaa ini udh halal apaa belum,0,0
manaaaaa nasinya bangg mana kenyanggg,0,0
alhamdulillah gacor55 bikin konten super,1,1
tips merawat komunitas biar nyaman ala alexis17,1,1
itu urusan tni polri lbu,0,0
saya gak nyesel coba 777,1,1
lanjutkan pak prabowo dan mas gibran yg bicara dan nuntut pemkajulan org yg iri hati dan haus kekuasaan,0,0
hukum tak tegak doyong berderak derak rill bgt hukum di indonesia orkay dan orngg g berada dibeda bedakan kyk argo dan bnyk lagii dan ga jujur ga ada sila ke5 keadilan seluruh rakyat indonesia yg kita pelajari di sejak sd,0,0
wkwkwk sabar y kek,0,0
rakus amat ya jokowi dan kroninya,0,0
mukanya pras mewakili,0,0
20 16 wah makasih infonya langsung coba klik88 lee,1,1
rata2 positive ya komen2 nya wkwkwkwkwkwk,0,0
barusan coba emng iyah sih dapat wd 200 aku bang makasih yah rekomendasi toto919,1,1
serius deh di alexis17 ada fitur history transaksi yang lengkap super,1,1
jelas pilih denza klu ada uang,0,0
ini harta138 sudah jelas,1,1
baru sebulan main alexis 17 gue udah bisa beli sepeda gunung,1,1
gua sarani cobain dulu di k u s u m a t 0 t 0 pasti kalen bkal suka terus nih bo,1,1
susah amat tinggal tunjukin selesai gk bisa kerja,0,0
wede di bowo88 cepet banget,1,1
pendaftaran pawpaw4d cepat dan langsung bisa main,1,1
wapresnya dong diganti,0,0
hrs bs dipercaya utk menntukn ijzh asli palsu krn berdasarkn ilham dr nya,0,0
mata lebam mantaaap mba kenapa ga sambil duduk si,0,0
sudah bisa ditebak hasilnya kawan,0,0
pheyyy pheyyy,0,0
kusta,0,0
yinn user anyone,0,0
cerita ini kocak banget tapi asiktoto bisa bikin kamu ngakak sambil menang banyak,1,1
polisi yg tahu cuma fitnah coba dilihatin ijajah asli kan selesai semuanya kenapa harus bertele2 buat polemik memecahkan bangsa berarti mantan presiden kita ini sifatnya hampir sama teroris yg bisa memecahkan bangsa ini jadi tolong pak lihatkan ijajah asli mu biar rakyat gk bertikai,0,0
jerukbet bahaya buat orang ketagihan,1,1
asli bikin ketagihan di alexis 17 sensasi j3kp0t nya bikin nagih ultra maksimal,1,1
gass terus mandalika77,1,1
content creator ga niat bikin content lama amat face blue smiling face red droopy eyes face red droopy eyes,0,0
ternyata kita bisa main di ambil4d melalui iphone juga ya,1,1
haadiir selalu mas pr0be 855,1,1
jangan hanya di penjara buat habiskan beras negara saja lebih baik semua di hukum mati sebab lapas indonesia kualitasnya rendah macam mana boleh pesalah jadi juragan ganja dari lapas,0,0
moondrop space travel minus di batre parah bgt dah apalgi suaranya harus di full volume baru keluar suaranya jadi kurang di rekomen di harga 400ribu,0,0
ini sih harus masuk tv,0,0
spontan itu memang uda direncanakan dan klo bisa dihukum berat,0,0
yang pro aja bang di sgi88,0,1
meta baru lifestyle ngacir,0,0
steak stick,0,0
rakyat indonesia ternyata masih bnyk yg tolol dari dulu ngributin jokowi terus sampai prabowo menjabat jadi presiden terus aja bahas jokowi sedangkan kebijakan prabowo program prabowo sudah gak ada yg bahas sampai prabowo selesai menjabat emang jokowi manusia super keren selalu tren dan tren sangat keren menarik ketenarannya untuk selalu di bicarakan rakyat walaupun penuh cacian hidup prabowo pemimpin presiden terhebat sepanjang masa krna tdk ada kritikan dari rakyat masalah kebijakan mengenai kesejahteraan rakyat dah jelas ekonomi lagi keadaan semraut knapa kalian jadi bodoh ngributin yg kurang pnting knapa gak ngributin kesejahteraan rakyat pada presiden malah ngributin yg gak hasilkan uang buat kalian,0,0
keberuntungan selalu berpihak di kingasia77,1,1
sejak kenal alexis 17 gue jadi punya tabungan buat masa depan,1,1
gila sih di junior88 ada event lucky draw dengan hadiah berlian 5 karat,1,1
ancen e chindo gendeng iki,0,0
memang terbaik ini h o k i 7 7 7 gak bohong gue mantab bang,1,1
sabar ijazahnya asli masih dalam proses sdh 95c o,0,0
gacor55 bikin video hidup hibur abis,1,1
semoga hukum nya tidak direkayasa ya bapak,0,0
tidak pernah merasa jenuh bermain loyalbet88 selalu ada inovasi,0,1
unsur138 bikin luar biasa tiap detik penasaran sukses,1,1
klo emang terbukti mengancam tinggal nangkap kok bingung gitu kok repot siapun orangnya klo ngancam tangkap kok pd tkut,0,0
cuma bs bilang ndassmuuu,0,0
buta tuli pengamat itu,0,0
perlengkapan wajib servis sunmori ala alexis17 apa aja ya,1,1
gokil parah di bowo88 ada bonus deposit yang bisa di claim tanpa batas waktu dan jumlah,1,1
0 03 keren boleh coba bang gas di junior88,1,1
oke fix abis ini mau daftar di kingasia77,1,1
sketsa komedi buatan alexis17 selalu roasting dan relate,1,1
masih ga yakin gue pasti ada dalang di atas mreka ini,0,0
modal usaha saya bertambah berkat dukungan dari dora77,1,1
alexis 17 emang ga pernah bikin kecewa withdraw berapapun pasti dibayar tanpa kendala,1,1
pasti menang besar gak ada lawan di suhu328,1,1
akun gosip favorit bowo88 apa ya mau follow juga,1,1
nyari tempat healing digital gue sih pilih pr0be 855,1,1
ini tribun kan media na geng solo,0,0
kapolri sekutu jokowi,0,0
9 44 subwoofer namanya bang,0,0
dax69 selalu menjadi pilihan karena sistemnya mudah dipahami membuat betah bermain,1,1
hp touchscreen pertama gue adalah samsung champ waktu itu keren banget ada stylusnya,0,0
literally bikin sultan di junior88 modal receh bisa jadi triliuner internasional,1,1
2 kata lucu negara hukum,0,0
ayam goreng bumbu kuning emang nggak pernah gagal apalagi kalau jajantogel jualan ayam pake resep ini,1,1
semua orang bilang alexis 17 tuh bener bener bisa dipercaya,1,1
dikasi jp di waktu yang tepat pas lagi modal terakhir haha makasi p l u t o 8 8,1,1
semangat ngonten terus mbak,0,0
hp kentang gini mana kuat kayak junior88 pas bikin konten,1,1
alexis17 lagi push rank skin gratisan bantu doa gaes,1,1
alexis17 lagi cari helm baru nih katanya,1,1
kata boomer yg penting cuan cuan cuan,0,1
jepey gmpng banget di junior88,1,1
harusnya di tanya ke penyidik kenapa blm adaa tersangkanya kok malaah nanya orang lain yg bukan penyidik pinter dikit donk,0,0
tepe itu bukan aneh tp memang dy realistis dan maaf mungkin sebagai org yg financial nya mungkin jauh dengan radit sehingga menjadi wajar pemikirannya jd terlihat aneh hehe,0,0
rupanya banyak yang terbantu sama a l e x i s 1 7 keren,1,1
gk mungkin,0,0
bersemangat dibet4d,1,1
cape rungkad mulu cobain aja main jet88betrecomended banget boss,1,1
inilah wajah polisi gento,0,0
sebelumnya saya merasa membuat frustrasi dan kecewa di tempat lain akhirnya mencoba alfabet99 dan lebih nyaman,1,1
info mabar bareng alexis17 dong guys,1,1
csnya pawpaw4d bantu sampai tuntas,1,1
gokil parah di a l e x i s 1 7 ada bonus dep sit yang bisa di claim non stop forever,1,1
mlbbcreator,0,0
vibes alexis 1 7 bikin nagih auto follow,0,1
serahkan semua sama yg di atas karna yg boocor cuma ada di kusumat0t0,1,1
asik juga main di poipet308 sore sore gini,1,1
ternyata main di a e r o88 itu gampang banget buat untung hasilnya luar biasa,1,1
mampir di cirebon koh nenx ke warung saya,0,0
bumbu kacangnya pakai mete arangnya batok kelapa nice combo,0,0
gua baru aja dapet jackpot x400 di gold3n wd cepet banget 2 juta lu harus coba main di sini pasti menang,1,1
kalau ditugaskan di papua berarti sbg wapres sudah menghilang,0,0
mona4d luar biasa penyampaian asik bawa suasana,1,1
dapat jackpot besar walaupun gak sering main cuma di megabet99,1,1
dari pada gabut mending cuan di a e r o delapan delapan,1,1
si alexis17 berani banget roasting temen pake materi bahan lucu,1,1
pantes lah nih ku s u m a t 0 t 0 piral di mana org bo wede haha,1,1
alexis17 lagi modifikasi mesin pake komunitas kesayangannya,1,1
mulyono hina rendah jijik oleh mengkhianati teman yg membuatnya dimuliakan dgn membakar jembatan setelah lewat menghabisi semua teman yg buatkan jembatan utknya,0,0
baru daftar de po 100 ribu langsung ca r 10 j ta do a77 gachor pol,1,1
biasanya bang com buzer tegas ya sekarang ko seperti kebingungan schok dengarnya atau bagaimana ya bang ayooo fokus dan konsentrasi bang cerdas dan peka lah akan situasinya sebut saja namanya pelakunya come on ngga usah takut ini kejahatan manusia bang pelanggaran ham pelanggaran berat kan ada rekomendasi dari ham bang deddy optimis lah bang ada tuhan yang maha besar maha hebat kalau kebingungan bgt bang sudahi saja wawancara nya kasihan para korban nya bang terus dikorek korek memori nya untuk menjawab yang sedang kebingungan tuntutan 1 buka asal usul dari mana orang tuanya 2 fakta harus diungkap seluruhnya 3 pelanggaran berat pelanggaran ham tidak ada kadaluwarsa 4 baru nanti bicara ganti rugi 20 seluruhnya ada 60 orang,0,0
0 47 ban belakang nya belok juga ternyata,0,0
akhirnyaa salam weton88 gampang jepe,1,1
sebelum ribuannn,0,0
hanya kematian yg bisa menghentika jokowi berbohong dan merampok negeri kita,0,0
setelah makan malam mereka menjelaskan alexis17 kesempatan emas di kantor,1,1
tul tul see 7777777,0,1
gila sih bowo88 sering kasih maxwin,1,1
alexis17 selalu di depan,1,1
yang masih nonton 2024,0,0
aku baru aja coba dan langsung dapet jakpot gede di manjurbet rasanya gak percaya tapi itu nyata,1,1
sa d didu pemfitnah,0,0
jangan tanya polri sudah jelah projo,0,0
zetian yss vs aldous pasti nangis,0,0
di sana dipanggang oleh opm,0,0
soundpeats gue jatoh dua kali yg kiri sekarang metong pgn beli lagi udh naik jd malas,0,0
jujur suka bgt liat tasyi pake baju warna warna terang kaya gini gausah ikutin apa kata orang u look fine ko,0,0
pemersatu bangsa maxwinbos,1,1
kurang 1 lagi om coba kumpulin ber3 vidi diva vadi,0,0
serius deh di alexis17 ada fitur notifikasi withdraw yang canggih,1,1
anjay keren di junior88 bisa main slot sambil nge hulu,1,1
harganya berapa per porsi,0,0
terpopuler ga ru daho ki gacor parah,1,1
q a vlog b o w o 88 ngejawab pertanyaan unik rasanya dari netizen,1,1
nggak usah repot repot penuhi tuntutan roy cs pakai gelar perkara terlalu bertele tele dan mengukur waktu mending fokus aja ke laporan ke roy sc dan segera penjarakan mereka spy tdk tambah keruh di masyarakat oleh kelompok tdk waras ini,0,0
kak sering2 upload dong masa 2mgg cuma sekali upload,0,0
di akhir pekan kami mengunjungi alexis17 perubahan signifikan bersama keluarga,1,1
cek jembernya rawes peee peee pee,0,0
megabet99 jauh lebih baik setelah mengalami tidak sesuai ekspektasi di tempat lain,1,1
gak mau ketinggalan main di dora77 langsung dapet jakpot gede,1,1
lucu bang dit,0,0
asli bikin ketagihan di b o w o 88 sensasi jackpot nya bikin nagih giga mega,1,1
penjualnya jutek amat,0,0
ayo main di s u k s e s 303 dan nikmati sensasi menang tiap hari,1,1
kupas trs kasus tambang nikel yg ber aroma memperkaya pejabat,0,0
ze tian emg ratu jo,0,0
ko sebas kapan di upload doang part 2 jalan jalan di thailand kalau short kurang puas,0,0
gila sih di alexis17 ada event lucky draw dengan hadiah xiaomi terbaru,1,1
tanboykun tidak begitu,0,0
jangan sampai kelewatan promo di alexis17,1,1
sumpah event knalpot brong kemarin seru ketemu alexis17 juga disana,1,1
emang terbaik si abang ini ambil4di,1,1
asli bikin ketagihan di alexis17 sensasi jackpot nya bikin nagih abis,1,1
main pertama kali di megabet99 gue langsung dapet jackpot x300 dan wd 1 juta modal kecil hasil luar biasa,1,1
1 34 langsung gw coba,0,0
tangkap jokowi penghianat nkri,0,0
polytron anak perusahaan pt djarum anjirrr bisa yuk kalahkan mobil vietnam,0,0
lebih gedean lagi kalau cobain di h o k i 7 7 7 mang bisa dapet besar,1,1
mona4d keren platformnya smooth abis,1,1
serius deh di alexis 17 ada fitur buy free spin yang worth it,1,1
kali ini panen lagi bang di k u s u m a t 0 t 0 seru juga modal kecil aje,1,1
pokoknya junior88 selalu di hati,1,1
harga semahal gitu kelemahannya nurut aku cukup parah yaitu tranmisinya cvt itu lemah n gak kuat nanjak tidak berumur panjang harusnya harga segitu pakai transmisi matik at spt mobil eropa n mazda yg super bandel matiknya,0,0
gokil parah di junior88 ada bonus deposit yang bisa di withdraw tanpa batas,1,1
jokowi adab nya tinggi moral nya tinggi gibran jadi wapres atas keinginan prabowo pemakjuzal itu utk presiden bukan wapres si didu manusia korup kagak amanah waktu jadi komisaris bumn maka nya di pecat bareng refly harun mereka sakit hati ke pak jokowi dendam sampe ke ubun2,0,0
main aman untung maksimal cuma di mandalika77,1,1
jackpot besar menanti kamu di kingasia77,1,1
kaisar bro gelo,0,0
auto cuan main di mpo111 gasken ada freebet 200k,0,1
anjay keren di a l e x i s 1 7 bisa main sl t sambil nge 1cak,1,1
tolong gandeng ricky elson untuk pengembangan mobil listrik dalam negeri,0,0
penting banget buat memahami dan mendalami literasi biar nggak gampang ketipu dan makin cerdas dalam ambil keputusan sama seperti di ambil4d yang ngerti pola dan strategi biasanya lebih gampang cuan,1,1
junior88 lagi liburan nge vlog harian ke warung tenda gak bikin konten dulu,1,1
tidak menyangka pengalaman pertama di cnd88 bisa langsung mendapatkan pengalaman yang mengesankan benar benar menarik,1,1
bang penasaran sama brand oraimo kok di indo jarang ada yg review ya dulu beli oraimo freebuds pro harga 500 600 oke bgt malah lebih suka dibanding airpods temen,0,0
nonton ini makin greget kalau sambil wd dari josgacor,1,1
baru provit aja nih di ku s u m a t 0 t 0 emng lagi jam bagus banget ni,1,1
gerombolannya trll byk kasus yg direkayasa nya,0,0
sukaaa bangettt sama toto919,1,1
woi empaction streamer kocak,0,0
gilaaaa gilaaaa tektokan nya lancar bgt wkwkwkk bisa propit di junior88,1,1
04 30 p u l a u w i n andalan tiap stuck hidup,1,1
serius deh di bowo88 ada fitur history spin yang detail peta,1,1
apakah jika yang memencet layar pakai jarinya orang yang sudah meninggal bkl gk bisa,0,0
weekend gini enaknya ngopi santai kayak bowo88 atau ngopi santai aja ya,1,1
suara dan visualnya sinkron banget berkah99,1,1
gw main di dora77 de po kecil aja udah bikin mekswin te us,1,1
moondrop space travel,0,0
sekian lama main baru kali ini gw bener2 ngerasain yang namanya maxxwin beruntung guysset nemu nih situs ketik aja di google gunungwin,1,1
saya sepenuhnya dukung bapak president untuk bersih bersih,0,0
overthinking tepe46 kerasz banget sumpah,0,0
pertama kali bermain di slot77 dan langsung menemukan pola terbaik untuk menang pengalaman yang luar biasa,1,1
sering uploud ya kak,0,0
sgi88 saya maen santai aja tetep bisa wedey jutaan,0,1
jagan kesehatan kalian bg rismon mas roy pak taufik ini sidang adu stamina jangan gentar demi mencari kebenaran,0,0
ga mungkin lah gua milih prabowo karena ada gibran,0,0
heran sama yg komen tepe negatif saya org kota tpi bukan anak nongkrong dan klo pas kali ikut nongrong sama tmen sama kaya c tepe bahkan lebih nora saya kayanya jdi bukan msalah org kampung kota klo mnurut ku bahkan banyak org kampung desa yg lebih gaul dari org kota,0,0
akhirnyaaaa makanan viral tiktok lagi,0,0
busett cerahh banget pr0be 855 encess sama koinya lagi ngasih mulu,1,1
03 47 jerukbet tempat pelarian yang lumayan waras,1,1
untung aja dikasih menang sama p u l a u w i n jadi bisa bayar kontrakan,1,1
tws kapal api juaranya,0,0
ok min lanjut sgi88,1,1
masyarakat disuruh sabar menunggu ijazah asli tapi palsu sedang di buat kalau sudah siap pasti di pamer pamerin kok,0,0
gacor55 bikin scene bikin kagum keren,1,1
anjay mantep di junior88 bisa main slot sambil nge youtube,1,1
yang ingin jadi sultan real solusiny rajatoto2 no menye menye jadi kaya terjaminn,1,1
adi lucu banget lagih kalo asbun,0,0
gokil parah di alexis17 ada bonus deposit yang bisa di claim setiap femtodetik,1,1
boikot aja review gak jelas bikin usaha bangkrut,0,0
ga sia tadi singgah bentar di ku s u m a t 0 t 0 jadi ada pegangan wkwk,1,1
mona4d bikin video istimewa betah nonton,1,1
pheeee pheeee,0,0
gue baru coba main di gold3n langsung dapet scatter x200 dan wd cepat 1 5 juta seru banget gue ajak lu main juga pasti hoki,1,1
07 25 dimana lagi coba kalo baru daftar langsung di kasi kemenangann selain berkah99 auto dapet kalau udah kemenangan kontrol bang langsung dapet jangan nafsuan 07 44 berkah99 ini apa sih sebenernya kok bisa segitunya nyebar,1,1
yang di nantikan dari kusumat0t0 keluar juga brooo,1,1
ribet upaya memperpanjang masalah bukan menuntaskan masalah kalo berniat baik segera tunjukkan ijazah jokowi yang asli kepada rakyat selesai sudah masalah nya,0,0
rismon bela hti fpi ni yee tunggu keputusan hakim yaa paling 8 tahun di penjaranya rakyat tenang nama rismon tenggelam,0,0
terimakasih kak emg bener temenku gasnya di maxwinbos mayan dapet terus emang mantap nih gak di raguin lagi,1,1
gokil parah di junior88 ada bonus deposit pertama 200,1,1
rezeki melimpah tiap kali main di ae r o 8 8 benar benar luar biasa,1,1
kok bisa di chanel bang dedi,0,0
adili jokowi libatkan tim investigasi dari ln yg anti suap untuk menghindari fitnah jangan gunakan tim internal percuma,0,0
abis mampir ke alexis17 langsung wedhe 3jt lumayannn banget,1,1
apakah ijazah yg katanya asli di tunjuk kan tong rugi rakyat bayar barang kya gini,0,0
nggak pernah kecewa sama hasil di dewadora semuanya luar biasa,1,1
tempo berkelas emang,0,0
bermain di dora77 membuka jalan dari tukang kayu ke pengusaha sukses,1,1
gampang banget wd tiap hari p u l a u 7 7 7 emang terbaik,1,1
ditengah banyak narasi buruk perihal bung karno sekarang aku baru tau salah satu founding father punya program platform dan ruang untuk inovasi yg mana bekal kemajuan pembangunan indonesia para pendiri dan pahlawan mereka menjadi manusia kuat ditengah penjajahan dan krisis sungguh disayangkan di era kemudahan sekarang bangsa kita malah mengalami kemunduran mari belajar belajar dan terus belajar,0,0
75,0,0
literally bikin tajir di alexis 17 modal 50k bisa jadi 50 juta,1,1
gila sih di alexis17 ada event slot war dengan hadiah quintiliun rupiah,1,1
1 00 dari tadi liat komen selalu junior88 masa iya yang satu ini lagi panas panas nya,1,1
bang bahas face id iphone yang pakai infrared dan bukan kamera sepertinya menarik untuk dibahas,0,0
akhirnya yg di tunggu2 klik88,1,1
gila sih di alexis17 ada event lucky draw dengan hadiah realme terbaru,1,1
review makanan di tempat wisata tersembunyi ala b o w o 88 jujur banget kadang informatif,1,1
main di agustoto langsung dapet jakpot besar yang bikin makin semangat,1,1
gelooo king pr0be 855,1,1
gua coba main di g0ld3n dapet jackpot x350 langsung wd 1 juta cuan cepet gak rugi coba,1,1
apa nama brand donat mochi yang ada di video itu ya apa cuma ada di bali dan jawa,0,0
mau jadi sultan main di manut88 gak pake lama,1,1
rakyat yang waras pasti udah tau lah yang sebenarnya ini tinggal kejujuran arapat hukum aja sih dan tentu saja cara alloh swt yang nanti akan menentukan,0,0
smoga perusak alam d segerakan azabnya oleh alloh swt karna mereka serakah dzalim kerakyat dn merusak alam hukumnya haram selama org mulyono ada d kabinet prabowo akan rusak trs negara ini pertanyaanya apakh prabowo tau dn akan membiarkannya atw menggantinya d dikabinet dn memproses hukum semua yg terlibat,0,0
alat digital nya bisa dihadirkan ga ya dipengadilan,0,0
nkri harga mati negara pendudok nya mayoritads suka tipu tipu bohong korupsi dari kepala sampe buntut semua rusak busok tapi ngom ng sombong ngakku hebat pinter kaya fakta nya pintar tipu bohong korupsi muslim dan non muslim semua sama aja,0,0
gacor55 bikin konten top tiap detik seru,1,1
mantaaap pak rismon tegakanhukumbagimanusia pembohong,0,0
sedang merasakan efek nya dr acara mkn besar,0,0
mahput ini sakit hati gk dapat jabatan,0,0
min lanjutin episode villa berhantu dong udah paket lengkap plisss min,0,0
02 20 j e r u k b e t kadang lebih jujur dari realita,1,1
di daerah gua manado ayam goreng ayam lalapan cuma 15rb ayam nya doang tapi udah dpt tahu 1 potong tempe 1 potong serundeng sambal terasi biasa ini ayamnya doang 25rb co mahal amat wkklllk,0,0
jadi beban era prabowo,0,0
de po kecil doang jepey gede cuma di dora77 ini real,1,1
bahlil mafia,0,0
alfabet99 selalu memiliki banyak fitur baru tidak ada yang lebih seru,1,1
gokil abis di a l e x i s 1 7 ada bonus cashback yang dibayar otomatis setiap pikodetik,1,1
emang gak ada obatnya sih keseruan main alexis 17,1,1
kayanya orng thailand lebih jago marketing daripada cindo,0,0
baru main di gold3n gua langsung wd 2 juta modal kecil aja bisa cuan gede kayaknya lu harus coba deh gak bakal nyesel,1,1
gw selalu percaya sama yg dia review karna semuanya masuk di mulut gw maaf y netizen kita ga se pendapat,0,0
caeer lagi caer lagi pstoto99 emang ga ada obat dehh,1,1
ramai banget,0,0
gila sih di aero 8 8 ada event lucky spin dengan hadiah liburan ke maldives,1,1
robi kalo nyanyi lucu anjir,0,0
peee peee,0,0
review makanan di mall ala alexis17 jujur banget kadang worth it,1,1
bang jagad nyela bang fernanda ngmg aja,0,0
disuruh buat skripsi lagi saja untuk test dia sarjana apa bukan,0,0
ga usah dipikirin ancamannya makjulkan saja wakilnya orang itu ko yg dipinta,0,0
pak apa gk buka cabang di mojokerto kepingin pak,0,0
8 12 ketek nya basket om,0,0
episode narasumber alexis17 kali ini bintang tamunya musisi pasti menyentuh hati,1,1
dax69 membuat bermain terasa selalu memberikan kejutan tidak pernah mengecewakan,1,1
cari cuan dari game online langsung ke sukses303,1,1
asli gak boong di alexis17 ada fitur quick deposit yang super kilat,1,1
hp kentang gini mana kuat kayak junior88 pas ikut mabar,1,1
alhamdulillah selalu hadir bang semoga di lancarkan rejekinya aminn,0,0
diserahkn kekapol akan menjadi dongeng,0,0
0 03 keren boleh coba bang gas di berkah99,1,1
kalau yang suka design futuristik mungkin lebih suka xpeng ini tapi kalau yg lebih suka design yg keliatan gagah mewah kayanya lbh suka denza,0,0
ya ampun lucu bgt sampe gak berasa tau2 abiz aja podcastnya,0,0
sumpah di mandalika77 win terus aku,1,1
dulu merasa kurang fleksibel saat bermain di tempat lain sekarang lebih baik di megabet99,1,1
bang macam mana nak dapat diamond,0,0
literally bikin sultan di junior88 modal receh bisa jadi milyarder,1,1
mamfaat nya apa kok zolim amat kan sudah di jelaskan sama ugm ijazah pa jokowi itu asli kenapa masih aja di bahas aneh orang 2 yg gak suka sama pa jokowi ini sy pendukung pa jokowi,0,0
video 2025 mana nih david belum diupdate,0,0
tepe itu gaya bercandaan nya seperti soleh solihun,0,0
bang bikin otong banting hp nya org bg udh subrek,0,0
worth it lah di tengah penjualan mobil yg lesu rupanya honda baru nyadar jualannya selama ini kemahalan tinggal evaluasi layanan purna jual di beres yg mana biaya servis dan spare part honda terkenal lbh mahal dibanding merek mobil jepang lainnya,0,0
feses beruk2 beruk2 dorax1 asep1 asep1 dorax2 asep2 beruk3 otong1 otong1 otong1 otong1 otong1 beruk1 otong1 beruk2 asep1 beruk2,0,0
alhamdulillah rezeki nggak kemana baru main di agustoto langsung dapat jakpot besar thank you banget,1,1
aku ngerti sm gofood yg gtgt malah aku dan tmn2 di bandung sm ko kaya mas tepe malah baru tau kl circle d jkt sana gamasalah kalau ongkir lbh gede drpd harga makanan harusnya bnr sih syg soalnya kl gt,0,0
setiap pekerjaan da resiko nya masing2,0,0
hero baru hero baru,0,0
kuasa hukum pak jokowi santun gk arogan gk teriak kaya srbelah orang baik dan jujur bisa dilihat dari tingkah lakunya,0,0
ubur ubur ikan lele gw jp di probet855 lee,0,1
min lanjutin kisah kerusuhan danlope 98 min,0,0
obat menghlangkan galau cuman ada di k u s u m a t 0 t 0 cuy,0,1
info clwr,0,0
main di ambil4d seru banget langsung dapat rezeki nggak terduga,1,1
serius deh di junior88 ada fitur notifikasi jackpot yang keren,1,1
hari gini masih epic 1 jo,0,0
alexis17 bilang kontroversi itu penting buat transparansi,1,1
literally bikin sultan di alexis17 modal receh bisa jadi raja finansial,1,1
bowo88 gua main bentar aja saldo langsung naik 2x lipat,1,1
nge sindir jawa ya bang,0,0
bowo88 selalu terpercaya dan aman dah,1,1
cakep kali sgi8 8 bravo,1,1
pintar ya china dia kumpulin semua influencer indo untuk naikin awarnes bisnis cherry di indonesia,0,0
wop wop gk ktar ketir klenn same kusumat0t0,1,1
kalimat terakhirnya menonjok bukan hanya wajah namun sampai dalam relung hati malu aku jadi orang indonesia,0,0
dusta dusta di pelihara masasi,0,0
seru banget main di cnd88 selain hiburannya seru jakpotnya gacir terus,1,1
ls itu bkn kapolri tp kapolwi,0,0
kata king sanz di live nya ini hero lembek amat,0,0
semua yang melapor ijazah jokowi palsu itu posisinya hanya sebagai saksi yang menduga ijazah jokowi palsu bila mana tak terbukti habislah mereka satu saja kuncinya bilamana pihak universitas katakan asli atau mengakui jokowi adalah alumninya itu udah kuat dan sah tak perlu lagi memeriksa ijazahnya udah masuk ke rana pribadi,0,0
gokil parah di junior88 ada bonus deposit yang bisa di claim setiap femtodetik,1,1
anjay mantep di aero 88 bisa main slot sambil nge story,1,1
kagura di buff jadi enak banget asli di early sakit banget,0,0
kan apa gue bilang naik propit lagi nih di k u s u m a t 0 t 0 emng bo andalan gue nih,1,1
wow trending 2 di junior88 bisa yuk trending 1,1,1
di ajakin abang w main di weton benaran g cor parah langanan 3 hari sekali dapat terus uang jajan cek google junior88,1,1
gila sih di junior88 ada event lucky draw dengan hadiah emas batangan 1kg,1,1
narasi lucu di akhir ada pertanyaan jadi anda yakin enak gak sih sblm rekomendasiin,0,0
semoga lancar mas wapres dan kkb turun gunung bergabung ke nkri,0,0
media yang paling berkualitas menyajikan berita terkini sesuai fakta dan analisa lapangan tetap lurus tempo,0,0
bermain di dax69 memberikan pengalaman yang tidak terlupakan tidak ada tempat lain yang lebih baik,1,1
ga ru da satu tiga delapan gachor nya bikin ketagihan,1,1
jawaban alexis17 pas spill the tea soal wawancara eksklusif diplomatis banget,1,1
fix ga bakal mau pindah dari pstoto99 aneh banget kalau ke yang lain,1,1
kemaren saya cobain bawa umpang 30k di hoki777 dapet besar,1,1
alexis17 paling males kalo udah bahas gosip yang seru banget,1,1
main bentar cuan lancar kingasia77 solusi sultan,1,1
alexis17 paling males kalo udah bahas gosip yang seru banget,1,1
pin,0,0
sungguh luar biasa king328 membuat ketagihan berat sulit untuk berhenti,1,1
iya dong di menit 05 16 ada tulisan manut88,1,1
realme buds q 1 terbaik,0,0
bro sekaranh zaman it percuma banyak bicara,0,0
absen 1000 orang,0,0
yang nonton tengah malam kita satu server di weton 88,1,1
ngilerr,0,0
mantap bang 31 54,0,0
maen di dora77 auto jepey,1,1
berarti tiap hari kita ngedaliin listrik,0,0
meski punya bumn mrka sama sj merusak tdk akan bisa kembali seperti semua melekkkk donk so untung khan pergi sdh dr situ,0,0
nyimak abang weton88 cair mulu,1,1
jo ripiu belerik epk,0,0
ini manusia pecatan sllu bikin gaduh mulu hrsnya pak jokowi bertindak biar tdk bnyk orang tolol semau sendiri,0,0
bugis mandi itu gak si,0,0
yg kelihatannya makanan enak belumtentu sehat buat tubuh kita,0,0
kasus di kepolisian tergantung dana kalau dana sesuai dan mencukupi apalagi dananya berlebih kasus akan aman dan akan sesuai dengan keinginan terduga tersangka,0,0
min buat video jadi si cimin lagi gabung hewan tiba tiba muncul sempak merah punya mbah kemplek masuk terus muncul otong asep agus hendra sama siti siti nya lagi pingsan tesur dibawa ke kamar otong terus ada suara sus kayak gini ah yamete kudasan ara ara cibi cibi kawai cimo ci tesur ada lebuut ikut masuk kamar otong,0,0
menang terus setiap hari dipaludewa919 ga pernah zonk,1,1
ga nyesel maen d dora77 utang beres semua,1,1
komen ke 1000,0,0
mengapa diberi ijin kalau ujung ujungnya ditutup peraturan negeri kanoha bikin orang pusing,0,0
daging ayamnya keliatan empuk banget inspirasi baru buat jajantogel jualan ayam frozen,1,1
kenapa jabra gak masuk,0,0
said didu ini orang tua ga tau malu pembenci keluarga pak jokowi akut kemarin ikut rombongan roy panci cs kenapa lu ga berendam di laut lagi kualat nih orang tua,0,0
nggak niat jualan ibunya,0,0
rafaela mana,0,0
rungokno wae sebenarnya warga dah ngerti dn paham lucuuuu laaah go hiburan go selingan nonton wayang,0,0
bang cba mabar sama partian siwa,0,0
asalm mualaiqum masya alloh mntaaaap bngt bikin ngileuuuur lihat y jg teh intan garut hadir,0,0
ahli ijazah palsu serasa pejabat,0,0
vidi vadi pras tio cocok nih 1 frame,0,0
coklat muliono 11 12 ahli digital forensik luar negeri wajib di hadirkan untuk membuktikan ijazah muliono asli apa palsu spya jangan ada dusta sptri dulu,0,0
sebelum tidur dia mengingat alexis17 kejadian aneh dengan gembira,1,1
muy tarde perdiste un sub,0,0
langsung masuk playlist andalan junior88 save,1,1
anjay keren di alexis17 bisa main slot sambil nge pinterest,1,1
gila sih di a l e x i s 1 7 ada event lucky draw dengan hadiah motorola terbaru,1,1
slot gampang scatter hanya di pluto88,1,1
justin serius banget ekspresinya,0,0
salut sama bpk nya,0,0
ayam haram di china terlihat haram yg halal enggak di makan,0,0
dax selalu menjadi pilihan karena pengalaman yang luar biasa membuat betah bermain,1,1
siapa yang setuju kalau junior88 itu legend,1,1
ketimbang penasaran mending cobain aja main di g ar ud ah o ki,1,1
ini pake ai,0,0
literally bikin sultan di junior88 modal receh bisa jadi juragan properti,1,1
lesti77 memang paling asik dan dimanjain pastinya,1,1
biar rame ramein cuan bareng pu lau tujuh tujuh tujuh,1,1
ayam nya terbuka gitu cara menyimpannya saya sih gak mau takut ada telor lalat terus tulisan tagihan nya bikin puyeng apaan,0,0
ketawa kameramennya nular banget ya,0,0
bang coba bahas seputar kripto bitcoin,0,0
manusia2 yg ga takut dosa,0,0
bang sebenarnya abang pernah punya alergi sama makanan tertentu nggak,0,0
poipet308 tuh bukan situs itu tempat berburu kebahagiaan,1,1
garuda138 emang top markotop jp terus,1,1
serius deh di bowo88 ada fitur history transaksi yang detail,1,1
dora77menawarkan perspektif yang berbeda tentang permainan daring,1,1
serius deh di junior88 ada fitur filter provider yang lengkap dan akurat banget,1,1
dari berkah99 aku bisa umroh kan kedua orang tuaku makasih ya,1,1
titipan jokowi terlalu banyak ekor sampai kepala,0,0
maxwinbos m4xw1n di byr 2x lipat gas lah,1,1
masih setia sama soundcore r50i dan mibuds 2 jaman jadul,0,0
sedang di hukum,0,0
untuk iphone yang penting musik nya bagus apa bang di bawah 500rb mksh,0,0
semoga rezeki dari aero88ini berkah dan bermanfaat,1,1
gak ada keberanian untuk ungkapkan kebenaran kekisruhan di negeri ini dh setingan mereka bikin kegaduhan di masyarakat rakyat kecil cuma bisa berharap negri ini kaya raya tapi yg nikmati ya petingginya dan keluarganya komplotannya sy yakin masih ada yg punya hati nurani rakyat utk bersama sama rakyat membangun bangsa yg berkarakter dan berintegritas tinggi demi keutuhan nkri jgn pd sibuk komen di medsos eh kerjaan bupati yg nyinyir dh bisa kerja belum klo blm bisa kerja mundur jd kesatria krn gak bisa kerja apa mau korupsi tujuannya,0,0
ekspresi junior88 pas denger jokes bikin ngakak priceless banget,1,1
temukan kemungkinan yang dapat dibuka oleh dora77,1,1
literally bikin tajir di alexis17 modal kecil bisa jadi milyaran dalam hitungan jam,1,1
kalau bisa berbelit2 knp harus di permudah,0,0
kami yakin mas gibran mampu memajukan papua,0,0
bermain di dora tujuh tujuh memberikan saya akses ke modal usaha yang saya perlukan,1,1
dp 25k dapatnya 5jt di mandalika77 doang,1,1
54 16 the best banget main di jossklik proses d3p0 wd lancar,1,1
warga konoha matematika nya pinter pinter,0,0
r 8 8 s l o t dengan event dan bonus new member yang berlimpah dan yang pastinya aman untuk dimainkan daftar claim bonus nya sekarang juga,1,1
serius deh di b o w o 88 ada fitur history transaksi yang lengkap maksimal,1,1
baru tau rasanya punya duit banyak sejak kenal alexis 17,1,1
gokil abis di a l e x i s 1 7 ada bonus cashback yang dibayar setiap mikrodetik,1,1
mau coba keberuntungan gas di manjurbet sekarang,1,1
tukang fitnah,0,0
slide fb naik turun naik turun kok isinya alexis17 semua penasaran cobain depo main bentar aja ehhh malah dapat maxwinnn,0,1
hitungan menit main di bandar 388 wajib menang ya bree admin ya juga baik dan ramah ya bree,1,1
di balik layar jadi bintang tamu alexis17 ternyata ada wawancara lucu,1,1
betul sekali bu kata ibu,0,0
serius deh rezeki di aero88 datang tanpa diundang penasaran coba sendiri,1,1
mesin uang jokowi itu esdm,0,0
literally bikin tajir di junior88 modal kecil bisa jadi milyaran rupiah,1,1
asli tapi palsu,0,0
di pertemuan itu mereka menyaksikan junior88 tantangan besar di keramaian,1,1
ngakak gakuad,0,0
ngecasnya pake type c atau lightning om,0,0
aku sangat kaya raya berkelimpahan harta benda kekayaan kekuasaan kehormatan kharisma kesehatan keselamatan keberuntungan kesuksesan kesejahteraan kemakmuran kenikmatan kejayaan ketentraman kedamaian kebahagiaan umur panjang yang berkah dan bermanfaat aku adalah magnet uang aku sangat mencintai uang uang sangat mencintai aku uang datang kepadaku setiap saat setiap waktu 24 jam sehari selama lamanya seterusnya datang dari berbagai arah penjuru mata angin dan datang dari semua arah yang tidak disangka sangka dan tidak diduga duga dari atas langit dari bawah bumi dari dasar laut dan dari manapun itu juga setiap uang yang aku belanjakan menarik dan mengajak semua teman temannya untuk datang berbondong bondong kepadaku setiap saat setiap waktu 24 jam sehari selama lamanya datang dari berbagai arah penjuru mata angin dan datang dari semua arah yang tidak disangka sangka dan tidak diduga duga dari atas langit dari bawah bumi dari dasar laut dan dari manapun itu juga alam semesta sangat mencintaiku menyayangiku membahagiakanku melindungiku menyelamatkanku mendukungku memakmurkanku mensukseskanku mensejahterakanku kun fayakun terjadilah semua itu amin amin amin ya robbal alamin,0,0
nyimak malam om kok face orange biting nails,0,0
ingat kalori kak,0,0
alexis17 the real mvp,1,1
paling ok kali lah jam segini mainnya di kusumat0t0,1,1
kapolri pasti bela yg masukin,0,0
gokil parah di junior88 ada bonus deposit yang bisa di claim unlimited time,1,1
gw pengen nanya kalau bintang laut g pny otak napa mereka bisa bertahan dan berjalan lewati arus apakah ad yg ngendaliin kepala mereka tolong dijawab bg,0,0
ayoo kaaa bisaa jadi separuh aku otot,0,0
cinta bisa pergi cuan dari victory007 tetep stay,1,1
woooow kemenangan besar di galaxy998 senangnya,1,1
membela junjungan,0,0
papua tdk butu pembangunan tapi butu sumberdaya manusia bagimana bisa sejahterakan org asli papua,0,0
emang gak ada yang se fair pr0be 855 deh,1,1
sempat kecewa karena kurang transparan dalam aturan setelah coba di megabet99 jadi lebih puas,1,1
pulau777 gak ada duanya,1,1
literally auto cuan di a l e x i s 1 7 pola gac r nya update setiap detik,1,1
salut sama inovasi mandalika77 bikin segalanya praktis,1,1
adakah yg percaya dgn omongannya ternak,0,0
damn,0,0
asli bikin ketagihan di junior88 sensasi jackpot nya bikin nagih,1,1
aero88 tempatnya untung banyak hunters jangan sampai ketinggalan,1,1
gila yah bowo88 selalu jadi viral banget,1,1
keren cadas rs,0,0
hidup polytron gak nyaka bakal bikin mobil luar biasa,0,0
mulyono haus berkuasa,0,0
jadi bikin laper,0,0
dari kemarin dicariin ternyata junior88 lagi sibuk bikin konten viral,1,1
anjay keren di a l e x i s 1 7 bisa main sl t sambil nge dance,1,1
terlambat sedikit tidak masalah gas braderr klik88,1,1
mami nggk ad demage sih tpi enah buat tim fight,0,0
di axl777 memberikan modal usaha yang mendukung pertumbuhan bisnis saya,1,1
apalah cukk support di nerf smua tp mm di buff yuk ramaikan user support bersatu protes ke montonn kasih bintang 1 yuk,0,0
nungguin rejeki jatuh gak usah cuanin aja langsung di pu lau tujuh tujuh tujuh,1,1
bandung squad selalu hadir bang indra,0,0
junior88,1,1
mobil baru muncul terus mobilku masih toyota corolla thn 96,0,0
mutlak asli apa mana buktinya ya pengacara memang begitu harus membela klien nya,0,0
main di dora77 bikin hasil tak terduga senang banget,1,1
yang paling menarik tuh kuah kaldunya harus ada di menu jajantogel jualan ayam,1,1
gacorrr parah sih di bowo88,1,1
komisi nggak jelas,0,0
agustoto cuma de po 100k jd sultan,1,1
sulit percaya ama si coklat apalagi mereka seangkatan,0,0
trending 1 gila loooo galaxy998,1,1
puji tuhan hoki banget,1,1
alexis17 lagi siapin materi buat curhat colongan jadi podcast,1,1
kok udah hd,0,0
fakta seterang ini tapi pemerintah tetep abai,0,0
keren banget sih alexis17 ini,1,1
ingat bikin vidio kek gini tuh susah tau gak sihh coba lu bikin masa bikin susah susah kgk dapet duit,0,0
junior88 aku sih gmpang bgt dapet wedey gede dsini,1,1
ss komentar ini kamu bisa klaim garansi past wd 100 untuk id kamu di berlian 33 saldo free hingga 2 5jt,0,0
sya yakin klu bnyak bertele tele itu sbnrnya ijasahnya jokowi itu palsu,0,0
hoki itu datangnya gak diduga kayak bonus di pawpaw4d yang selalu tepat waktu,1,1
sebenarnya cuma 1 masalahnya pjbtnya yg di besarkan korup,0,0
paling mantab emang baru sadar saya h o k i 7 7 7,1,1
stop komen judi guys klo mau main yang resmi ya ambil4d aja,1,1
cindo gila gak bantu malah makan aja parah kamu bang bikin orang tua naik darah aja,0,0
anjay mantep di a l e x i s 1 7 bisa main sl t sambil nge mantra renderer,1,1
terima kasi rezekinya weton88,1,1
maaf terlambat bang semangat ya salam junior88 gampang jepe,1,1
duit dari b o w o 88 buat beli laptop,1,1
smoga sukses selalu kak amin panjang umurnya dilancarkan rezeki nya dimudahkan dalam segala urusan nya amin ya kak,0,0
mencari cara untuk bersantai aero88 bisa menjadi pilihan,1,1
gila sih di junior88 ada event slot race dengan hadiah exa fantastis,1,1
wajar kalo banyak yang suka alexis17 hasilnya nyata,1,1
hidup lo bisa cerah kalau disinarin cuan dari pu lau tujuh tujuh tujuh,1,1
mau ke pengadilan apalagi tambah malu parah roy panci dll,0,0
nuhun jajaran grup dan kusumat0t0 tarik tos landing,0,1
review tws 2025 plissssssssssssssssssssssssssssssssssssssssssssssssssssss,0,0
di balik layar cari narasumber alexis17 ternyata ada tanya jawab lucu,1,1
gk ada bosennya di bowo88,1,1
bran gibran pie asam laktat apa asam lambung bro,0,0
gue coba coba main di g0ld3n dapet jackpot x500 langsung wd 1 juta cuan gede lo pasti harus coba juga siapa tau hoki kayak gue,1,1
bohir baru belum dapat jatah nih harus ganti ya,0,0
kecewa sih gw sekarang mah di bada bedakan yang bayar dan yang engga,0,0
ebel opo sih,0,0
ga ru da ho ki semua member baru pasti jepe,1,1
orang cina ke cina ngomong bahasa cina tapiii pake translate mana endingnya kocak banget elaaahhh sakit perut,0,0
ini adalah produk yg berpartner dengan esemka mantab pak de,0,0
ae o88 menyediakan bentuk hiburan unik yang mungkin anda sukai,1,1
savage parah di alexis17 bonus welcome nya bikin melongo,1,1
banyak yang ngomong mustahil tapi gue udah buktiin sendiri di maxwinbos,1,1
ambil4 d cuma mdal kecil udah gaciirr,1,1
uda pernah mampir ke toilet umumnya belom ko,0,0
gacor pa ah di dora77 utang langsung beres,1,1
thankyou banget doislot modal receh pun sering di kasih meenang deepo 80rb skrg uda 900an edannn,1,1
suatu terobosan yg luar biasa mantap,0,0
slot77 jauh lebih baik setelah mengalami membuat sulit mendapatkan kemenangan di tempat lain,1,1
serius deh di alexis17 ada fitur filter rtp yang akurat setiap jam,1,1
main di dora77 langsung mekswin,1,1
utk memenuhi rasa keadilan rakyat indonesia ijazahnya hrs di periksa oleh team independent agar tdk ada dusta diantara kita,0,0
pak jokowi jadi tameng pak prabowo karena dengan isu ini masyarakat tidak sempat lagi mencari kekurangan pak prabowo,0,0
penjual macem ape dah tuh ga enak batt di liat muka nya,0,0
berkat gunungwin saya berubah dari tukang kayu jadi pemilik toko furniture,1,1
yakali gak coba main di junior88,1,1
gara2 ijazah aja hebohnya senegara buang2 waktu,0,0
banggg windahhh basudaraaaaaaaaaa,0,0
liat bapa2 komentar rakyat di konten ini,0,0
ayo buktikan sendiri keajaiban suhu328,1,1
slotnya bikin nagih cuannya bikin kaya gaalaxy998 the best,1,1
dulu pernah bakar toe kijing enak banget,1,0
finallyy queen tasyi,0,0
wajh y si pelaku sudah sedikit babak belur di sel mukin sudh salam olah raga,0,0
modal konten kak pebby per episode ini wow sekali yaa kaka mehong2 haha,0,0
mahal bener nih klo trouble,0,0
dora77 gacor banget mekswin terus,1,1
literally auto cuan di a l e x i s 1 7 pola gac r nya terbukti ampuh quetta,1,1
wow trending 2 di pr0be 855 bisa yuk trending 1,1,1
pertanyaan gw cuma satu para karakter kok bisa kenapa gak punya jari buat nyentuh layar hape,0,0
guys minta saran tws half in ear dirange 100 300rb sy udh punya k20i tapi kurang puas karena suaranya kecil,0,0
ada ada omongan seperti itu hhhh,0,0
said n machfud md sama2 orang sakit hati satu kalah pilpres ato nya dipecat komisaris dendam kesumat nga bisa move on kacian,0,0
sudah didu prabowo itu jendral nggak perlu kau hasutb2 simpan aja oyak jahatmu rakyat aja nggak percaya seandai adanyang mengancamnkau sebut atau kau sendiri,0,0
njir gue baru kemarin nyaritau cara kerja layar sentuh eh udah dibuatin bisa gitu,0,0
ka bikin ase cabe gendot ala teh shanty kaaaa,0,0
senang banget dapat rezeki tak terduga dari btv,1,1
mona4d nggak ada duanya bikin ketagihan,1,1
udh gk bikin video recommendation lagi buat 2025 masih aku tungguin ini,0,0
avanza yang tipe g tss tidak laku atau lebih fokus avanza tipe g cvt,0,0
oppo enco buds 3 pro koq ga ada ya pdhl bagus,0,0
akhirnya yg di tunggu2 junior88,1,1
kddk,0,0
harga rasberry brapa 5 06,0,0
ukhlas gibran jadi tumbal,0,0
gila sih di a l e x i s 1 7 ada event lucky draw dengan hadiah emas batangan 100 milyar ton,1,1
setiap lembaga negara berlomba lomba minta kenaikan anggaran agar kesempatan utk di korupsi bertambah besar tak perduli penderitaan rakyat yg di peras dari bayar pajak,0,0
hasil dari axl777 membantu saya mencapai kestabilan keuangan yang saya idamkan,1,1
tws half in ear apalagi ya yg rekomen selain yg ada di video,0,0
nonton konten sambil cuan di josgacor tuh surga dunia,1,1
mohon di lnjut biar mereka segera masuk bintang 5 berjeruji besi selqma nya sudh sudah bosen dgr ocehan nya mereka yg sllu bikin onar kegaduhan dan sllu memfitnah dan bikin cerita cerita hoak,0,0
pengguna airboom pro 3 nyimak dipojokan,0,0
jalan jalan ke pasar pagi main di k a k i 7 7 7 bikin hari auto happy,1,1
mari kita lihat respon negara seperti apa sih pemerintah nyikapin kaya gini kalau gadiurus malu maluin ga sih,0,0
mulyono merusak tatanan negri ini alam akan membuka ruang untuk kebenaran,0,0
wajar rakyat curiga krn kapolri skrg sohib jokowi saat di solo rakyat harus kritis kebenaran harus ditegakkan,0,0
dimbangi donk sama olga minum air putih,0,0
era mulyono era nya para maling,0,0
sebelumnya bermain di tempat lain terasa membuat frustrasi pindah ke alfabet99 lebih puas,1,1
alexis17 ketawa ngakak pas nonton komedi situasi itu,1,1
apalah ni fanny cok,0,0
gak pernah bosen main di d o ra77 selalu ada hal baru,1,1
tahun ini kami merasakan alexis17 objek misterius di taman kota,1,1
mau tanya kak dan teman2 yang lain sebenernya baterai sewa lebih menguntungkan gak ya atau lebih baik beli yang buy to own kalau ada yg pernah hitung dan tau untung ruginya boleh dong info makasiih,0,0
itu namanya susah dibikin sendiri,0,0
seperti biasa kesukaan moonton ungu,0,0
nagih bgt ini dewadora gacor parah sumpah,1,1
ngeliatnya kaya ini tu mobil keluarga premium yang disetir sendiri sedangkan denza lebih pake driver,0,0
bang jes pakek akun advance server guys,0,0
kayak teletubbies 3 26,0,0
pantesan suaminya makan cheese cake ternyata kamu lg review kak,0,0
gimana ya kalo kegelapan dan cahaya gada kalo kita tutup mata itu gelap cuma gelap udah gak ada gimana pusing otak gw,0,0
kok tetep aman ya jokowi banyak pelanggaran begitu yang merugikan,0,0
masih zaman galau probet855 udah kayak temen curhat jepe anti galau,1,1
semoga hakimnya jangn berpihak,0,0
trending 1 gila loooo junior88,1,1
gila sih di junior88 ada event slot war dengan hadiah jutaan,1,1
yu zong udah sakit du buf emang gila,0,0
lokasi engga disampaikan tolong tante gmn kesananya kalau engga tau lokasinya,0,0
salut sih sama mandalika77 selalu tepati janjinya,1,1
alhamdulillah junior88 menang,1,1
p l u t o 8 8 bikin game slot jadi lebih dari sekadar hiburan,1,1
marketing moonton season 37 0 21 rapaela mungkin mau dpt skin sailormoon 1 13 aamon skin msc kan 2 45 arlot skin kolektor 3 20 lesti skin mistyc meow 3 57 ixia skin squad gtau apa nmnya v 5 05 bruno skin kolektor 5 27 natan skin msc 5 37 lylia karna indikator skill diskin neobeast ny mau diubah 6 36 kadita skin starlight agustus asli jd ngebut parah jalannya 7 23 kagura revamp skin luckybox 7 53 lunox revamp skin luckybox 8 14 odete revamp skin luckybox 8 43 roger skin squad bareng ixia 9 13 helcurut skin epic 1tema sm nana irithel belerik 9 51 lancelot mau direvamp jg kah skin luckybox nya atau resale skin hero 10 07 gusion skin tema naga versi lite hok 10 33 nolan dia mau dpt skin apa 10 44 yu zhong skin squad naga lite 11 01 minsitar pasti mau dpt skin ntah itu bulan depan v 11 54 xborg skin squad brng rojia icia 12 33 uranus mungkin penambah doang ky fizi l 13 06 lapu2 gtau yg kutahu hanya lapu lapu minotor natalia 13 56 terizla dia punya skin kolektor gsih klo punya berarti mau diresale bareng lapu jg kali v 14 22 puqito skin epik kolektor 14 36 ruby resale aspirant 14 47 aldous resale skin mistbander 15 01 esmeralda resale skin hero 15 14 kalea efek skin naruto udah lewat waktunya nerf 15 56 lukas sm kya kalea 16 34 hayabusa sm juga kasian yg beli skin naruto wkwk 17 25 kimmy ayo terus gw pantau smpe bnran role ny diganti jd mage mm dengan dalih kami melihat kimmy banyk dipakai sebagai midlaner jd moonton mengubah role utamany jd mage mm dan yups masuk lah kimmy kevoting skin mseries dan yupp udah pasti kimmy yg dpt 17 35 selena skin zenith lewat skin zodiak mau lewat lalu knp g dinerf 17 49 fanny udah pasti rilis skin legend 19 25 estes krna skinny gjadi starlight jd diotakatik lg deh 20 20 mathilda parah bgt udahlah pas muterin mm metong sendiri 20 29 floryn krna skin hello kitty ny kan 10x auto dpt jd moonton gmau rugi2 amat 20 42 angela sm ky plorin gmau rugi karna skinny dijual ditoko starlight fregmen 20 59 baxia biar apa biar g terulang kembali tragedi kumar 21 22 ling resale skin deh ky nya v 21 35 khupra dibangkitkan kembali untuk mengcounter hero2 dash yg dpt buff 22 00 minotaur biar dilirik aja siapa tau masuk meta v daahhhh jgn lupa subrek yutup sy,0,0
udah siap belum jadi fans berat junior88,1,1
busett cerahh banget junior88 encess sama koinya lagi ngasih mulu,1,1
mantap betul main di a e r o 8 8 cuan terus menerus,1,1
serius deh di a l e x i s 1 7 ada fitur history bonus yang detail tera,1,1
ka pebbi udah trending 7 ajaa,0,0
gak tegas samasekali,0,0
mantappp ambil4d sungguh menggugah selera makan,1,1
udah bener pak bapak lebih hebat,0,0
orang gak pernah tahu aslinya kok nuduh palsu,0,0
kok bisa telat tau pstoto99 now aku mau yang lain juga tau pstoto99 di google ada,1,1
kalender meja teman kantor ada logo pulauwin kecil di sudutnya,1,1
sering berpapasan jenis mobil ini di jln,0,0
setiap kali main di megabet99 selalu pengalaman bermain yang tidak terlupakan pilihan terbaik,1,1
serius deh di a l e x i s 1 7 ada fitur history event yang lengkap yotta,1,1
menunya biasa aja tapi biarpu bgtw kalau rasa enak,0,0
seru banget main di alfabet99 karena menjadi tempat favorit jadi betah,1,1
bang radit sumpah ini lucu parah sih menurutku hebat hebat orang hebat,0,0
memang kelompok politik yg tak suka dg joko w walau kampus dan rektor bicara kalau joko widodo mahasiswa ugm satu angkatan wisuda juga bicara satu angkatan y tetep tidak percaya sampai kapanpun org sperti itu seharusnya mulutnya dibungkam selamanya kalau dibiarkan nnt negara ini melahirkan pemfitnah yg akan ditiru dimasyarakat kecil,0,0
serius deh di a l e x i s 1 7 ada fitur history event yang lengkap quattuordeciliun,1,1
selalu buat provokasi dan adu domba bapak ini sakit hati pada jokowi,0,0
sorry yah pak badhot blm bisa gabung low dana,0,0
smoga sukses ayo kita dukung dan beli,0,0
lanjut,0,0
akhirrrnyaaa bagus konten abang luar biasa coba main di junior88,1,1
slot77 selalu menyediakan banyak peluang menang tidak ada yang lebih seru,1,1
debat netizen maha benar sama alexis17 di kolom komentar bikin penasaran banget,1,1
di ajakin abang w main di sgi88 benaran g cor parah langanan 3 hari sekali dapat terus uang jajan cek google sgi88,1,1
yg pertama harus diselesaikan oleh wapres di papua yaitu pelanggaran ham pembangunan fisik bisa berhasil apbila pelanggaran ham dapat diselesaikan demikian suara dari papua,0,0
junior88 bikin saya miskin,1,1
coba rafa bang semua hero bisa jadi faramis kalau ada dia,0,0
banyak pilihan game slot gacor di pluto88,1,1
bikin topik rumit jadi gampang dimengerti poipet308,0,1
anjr si otong di revive,0,0
huawei kok ga ada yg masuk ya,0,0
alhamdulillah pasangan terbaik di indonesia se indonesia bahagia,0,0
bayarnya berapaa inii thhh,0,0
belajar lah mencintai produk dalam negeri agar kita tidak ketergantungan lagi dengan mobil jepang,0,0
merek mobil makin aneh2 aj namanya xpeng lah,0,0
isyana cantik,0,0
bro mau tau ga a l e x i s 1 7 sekarang udah support semua bank lokal,1,1
auto mekswin tiap maen di dora77,1,1
menurut gw sih situs adil yah di sulebet soalnya menang w di bayar cash gak pakek lama,1,1
dulu merasa kurang fleksibel dalam permainan saat bermain di tempat lain sekarang lebih baik di slot77,1,1
setiap hari dia bertanya tentang 17 suara merdu secara tidak sengaja,1,1
udah siap belum ketemu junior88 di for you page,1,1
pelayanan dora77super ramah puas banget,1,1
gk sakit ya,0,0
gak pernah kebayang bisa dapet jakpot besar semua bisa terjadi di m ndalik 77,1,1
kepoin alexis17 ternyata banyak manfaatnya,1,1
jaga kesehatan bos q,0,0
tugas biasa mas gibran muda dan mampu menjalankan tugasnya,0,0
happy banget main di manjurbet jakpotnya besar terus,1,1
menurut junior88 jadi thumbnail clickbait itu informatif tapi ada susahnya juga,1,1
nagaplay138 selalu hadir dengan promo istimewa tanpa henti bikin pengalaman main jadi menguntungkan,1,1
mantap makasih junior88 sukses bikin gue terkesan,1,1
jadi food vlogger juga makanannya tidak dimakan semua biar ga sakit,0,0
asasin menyala season ini,0,0
wajar banget sih banyak yang suka sama bowo88 hasilnya ternyata nyata banget,1,1
cabe gendot mah dimana2 pedes bgt kak tasyi,0,0
2025,0,0
skip tuh ritual wajib buat k o i s l o t,1,1
akhirnya ka peby uplod jugaa,0,0
junior88 nih bos senggol dong,1,1
wahhh dulu liat tahun 2021 sekarng liat lagi,0,0
cepet abis nya,0,0
ngakak sampe kluar air mata,0,0
seriusan deh di a l e x i s 1 7 scatter 3x langsung free spin 15x,1,1
belom phev plug in hybrid belom ada ev mode ditunggu chery tiggo cross csh phev,0,0
sumpah deh dari tahun 2011 suka vidi aldiano gara2 mantan dibilang mirib bgt sama vidi,0,0
kapolri ondel ondel kaki tangan mulyono banyak masalah polri dibawah dia,0,0
modal kecil langsung gacir di ahmadtoto puas banget main di sini,1,1
cnd88 bukan sembarang web nih incesnya galak bener perkalian yg turun gede2 mantaaaaaap,1,1
geloo junior88 cair terus x100,1,1
ojo ngisin ngisini jember lah pe trial urip nang suroboyo sek langsung ke jakarta yo njumplang,0,0
anjjay trending duaa,0,0
gak bosenin deh di xuxu4d nih,1,1
kalau naik anggaran pasti ada kenaikan korupsi itu pasti alasannya tdk ada transparanai belanja ke publik yg di publikasikan pasti korupsi,0,0
tws lagi bang,0,0
serba kesenjangan ini,0,0
hadirkan kemenangan dengan 777,1,1
itu rismon itu udah steres selalu cari diluar ugm klo org waras hanya cari pentu di ugm anggap aja itu rismon adalah org gila,0,0
suara lu kecil banget bang gw harus ngedein volume 3x lebih keras dari pada biasanya suaranya gak terlalu jelas tapi kuping gw udah sakit krna frekuensinya klo volume biasa gak kedengeran di kerasin dikit telinga sakit mohon untuk dipertimbangkan,0,0
hanya di bowo88 aku bisa menang besar,1,1
tidak menyangka bisa mendapatkan sebanyak ini dari aero88 langsung mentraktir teman teman,1,1
pdhl melisa sekarang udah build critical tpi anomali satu ini tetap konsisten dengan build jaman purba nya,0,0
kapan bikin prank lagi bang makan di warung2 pinggir jalan lagi,0,0
buktikan dong bahwa ijasah mulyono asli jgn cuma narasi doang rakyat 275 juta ingin tahu,0,0
sikap terduga ijazah palsu jadi bukti nyata ijazah benar palsu,0,0
karena manusia memang selalu takabur dengan technology lebih anehnya lagi mereka juga saling menyalahkan agama yang bahkan udah jelas jelas ngajarin kebaikannya pun masih juga diktitisi,0,0
main bentar eh langsung rezeki nomplok semuanya bisa terjadi di aero88,1,1
rismon bacot apa luh,0,0
gila sih di alexis17 ada event slot race dengan hadiah ronna fantastis,1,1
miya88 kasih thr tanpa tanya kerja di mana,1,1
ijazah yg benar dapat dicapai dgn jumlah sks yg cukup skripsi apakah jumlah sks yg disampaikan polisi sdh cukup itk s1,0,0
saya yakin pulau777 gak akan mengecewakan,1,1
ini sih kegiatan yg sangat buruk nambang disana,0,0
coba ajak anaknya mn mknan umkm biar di tau makann mna yg pling enak biar gk ikutan fomo tpi zonk,0,0
mau tanya kalau pen kusus hp iped itu termasuk ada listeriknya gk soalnya pen kusus hp coman karet tapi coman kok bisa geser geser layar tolong di bahas yaaa,0,0
belericknya mana ko,0,0
literally bikin tajir di a l e x i s 1 7 modal kecil bisa jadi milyaran dalam hitungan mikrodetik,1,1
gl cukup,0,0
ada rekomendasi endorse yang bagus tanya alexis17 ah,1,1
a l e x i s 1 7 emang paling top dah ga pernah bikin kecewa,1,1
tugas pengacara itu ngasih tau client nya tentang hak2 hukum nya owhh ini lho kamu nanti gak boleh ini gaboleh itu ada dipasal ini dsb bukan kayak gini ada orang salah terus2an dibela membabi buta,0,0
just type in google cnd88choose the top one playing there is easy to get down the scatter,1,1
sungguh luar biasa dan bikin nagih dora77 membuat ketagihan yang tak tertahankan sangat sulit untuk berhenti bermain,1,1
tempel rek kubagi sedekah mumpung ada hassil kusumat0t0,1,1
pg soft di alexis17 bikin kita berasa kayak bos besar cuman di situs ini gw pernah dpt scatter hitam asli bro,0,1
mantap maxwinbos sekali dep0 langsung di kasih wedeee terimakasih kak emg bener temenku gasnya di maxwinbos mayan dapet terus emang mantap,1,1
apa kata dunia kenapa gini gitu kan jokowi juga sd kembali ke masyarakat nga ada untungnya di ungkit ijasanya kasihan juga,0,0
ultimate nya mirip sun strike nya invoker,0,0
tetap sajah kalo pajak naik rakyat jadi beban,0,0
main pertama kali di megabet99 dapet scatter dan wd langsung 1 juta modal kecil langsung jadi besar gak ada ruginya coba,1,1
bass nya over itu namanya horeg bang dapit,0,0
polytron mending lawan grup besar duo jepun bikin mobil bensin bikin mobil listrik udah premium gitu kok kerenn,0,0
pertama kali bermain di megabet99 dan langsung menikmati keseruannya pengalaman yang luar biasa,1,1
ada yang udah ngerasain hasil cerah dari k o i s l o t,1,1
dulu merasa tidak memberikan pengalaman seru saat bermain di tempat lain sekarang lebih baik di slot77,1,1
menang banyak deh kalo pakai kingasia77 terbukti ampuh,1,1
berkat d o r a 7 7 saya mendapatkan peluang modal yang mendukung keberhasilan usaha saya,1,1
cepet aman terpercaya itu kesan saya tentang a l e x i s 1 7,1,1
gila sih di a l e x i s 1 7 ada event sl t war dengan hadiah deciliun rupiah,1,1
aku liat ini sambil makan mie,0,0
dijamin aman dan terpercaya cuma di junior88,1,1
bibit288 bikin happy platformnya gampang,1,1
jelaes kale kusumat0t0 behh pencairan,0,1
pengen cepat kaya langsung coba di ae o88 dan rasain untungnya,1,1
gacir terus tiap main di aero88 bener bener puas banget,1,1
wkwkwkwk yg koment pada kenapa rata rata yg hate koment bukan subscribernya fomo doang sama berita yg viral,0,0
mencari pengalaman daring yang lancar axl777 mungkin solusinya,1,1
yg jelas jokowi dilindungi rezim ini jadi sy sh udah bisa nebak hasil akhirnya,0,0
pengalaman pertama di alfabet99 sangat langsung menemukan strategi terbaik bikin ketagihan,1,1
senang banget main di aero88 langsung dapat untung besar hari ini,1,1
yulimamik anda hebat banget,0,0
megabet99 membuat bermain terasa memberikan banyak pengalaman seru tidak pernah mengecewakan,1,1
modal receh wd mewah gak percaya gue udah buktiin sendiri nih,1,1
gue baru main di g0ld3n langsung dapet scatter wd cepet banget 1 juta situsnya gacor lo harus coba juga,1,1
bikin iri deh sama pencapaian junior88,1,1
pertama kali bermain di alfabet99 dan langsung mendapatkan bonus menarik pengalaman yang luar biasa,1,1
semakin blunder karena acuan dan cuan,0,0
nunggu apa lagi bonus gratisan tinggal klaim gak perlu mikir dua kali berlian 33,1,1
mau ada agenda politik atau apalah ya terserah yg penting dugaan ijazah palsu itu wajib terang sampai tuntas,0,0
sampah instansi budak harta,0,0
gerombolan rismon cs tangkap aja iku penghambat majunya nkri menuju indonesia emas,0,0
bang dari yutub aja udah lumayan komisi nya masa kudu berlangganan juga,0,0
anjay keren di bowo88 bisa main slot sambil nge fusion 360,1,1
100 yakin kapolri bela jokowi,0,0
sedang keberhasilan di b o w o 88,1,1
rezeki yang diberikan oleh dora77 sungguh tiada tara nilainya terima kasih ya allah atas berkat mu,1,1
saya menunggu mobil miyako,0,0
luhut,0,0
promo terbatas bonus cuma cuma buat yang gercep daftar sekarang berlian 33,1,1
maen di d o r a77 mekswin udah auto as,1,1
baru kli ini nntn podcast ini sekosong ini,0,0
junior88 bilang kontroversi itu penting buat transparansi,1,1
kebiasaan indo emg nyampurin ngombinasiin makanan yang berbeda ga cuma yg dibungkus mochi dan cokelat dubai kemaren yang bomboloni juga hype dan muncul produk lain kaya cromboloni terus croffle croissant waffle next ditunggu percobaan gebrakan kombinasi makanan lainnya ka pebbiii,0,0
mantap luar biasa polytron semoga segera di distribusikan ke seluruh wilayah indonesia dan ekspor ke luar negri utamanya pasar asia afrika dan sebagian benua amerika aamiin ya rabbal aalamiin,0,0
ubur ubur ikan lele mandalika77 nih lee,1,1
aku nonton full dong sambil nyetir motor dari surabaya ke madura sumenep kebetulan pengen beli tws yang bagus,0,0
dax69 memberikan pengalaman yang berbeda setelah sebelumnya merasa kurang inovatif di tempat lain,1,1
baru pertama kali nonton channel ini tapi ngeselin,0,0
ini orang naik jadi kapolri di zaman jokowi tentu saja publik ragu untuk mempercayai netralitasnya,0,0
emang bener ntn podhub karna vidi lucuuuuu,0,0
emang mamen slalu kocak2,0,0
contohlah tan boy kun,0,0
gokil ekstrem di a l e x i s 1 7 ada bonus cashback yang dibayar otomatis setiap quantum superposition,1,1
pola makan tidak sehat makanya seperti itu dan saya pola makan tidak teratur dan tidak di jaga dan asam lambung parah saya,0,0
di dunia ini tdk ada apapun yg tdk mungkin selama masih buatan manusia buktinya konstitusi saja bisa diubah ubah sak senenge dewe jadi boleh dan bisa saja dia diganti kalau rakyat menginginkan justru hukum sebab akibat dan hukum semesta akan berproses secara akurat tinggal tunggu waktu saja adab dan moralitas mayoritas pasti mengalahkan semuanya coba bisa ditebak nanti pas upacara hut ri beranikah mulyono muncul muncul atau tdk muncul tdk jadi masalah bagi masyarakat tp itu ttp ada dampaknya scr politis bagi para elite dan algoritna semesta sendiri semuanya di alam nyata ini tdk akan pernah ada yg abadi manusia hanya makhluk kecil yg ada dlm genggaman sang pencipta salam kewarasan,0,0
pulauwin gak pernah ngecewain vibe,1,1
tiap hari hoki tiap hari cuan di kingasia77,1,1
nunggu apa lagi bonus gratisan tinggal klaim gak perlu mikir dua kali berlian 33,1,1
memorable karena unsur138 penyampaian bikin terpukau,1,1
sgi8 8 tempat paling uhuy,1,1
3 34 keliatan tula nya,0,0
0 49 mulyono,0,0
anjay mantep di b o w o 88 bisa main slot sambil nge pantun,1,1
hajar terus roy cs antek anteknya tanpa ampun kalau bisa buang ke l4ut,0,0
hahahhaahahahahahahahahahahaaha kocak kocakkk kocakkkkkk ternyata benar2 palsu,0,0
lanjut bang,0,0
paludewa919 emang situs gacor gampang banget jp,1,1
langsung trending begitu launching junior88 rame terus 24 jam,1,1
alfabet99 selalu tidak pernah bosan bermain tidak ada yang lebih seru,1,1
bang conten lu buat sedih bang,0,0
poipet308 beneran nomor 1 terbaik diindonesia gak ada lawan,0,1
gw udah coba guys di sgi88 cair mulu,1,1
gk usah cabe gendot cemplungin telor rebus mantep,0,0
tutup saja,0,0
collab alexis17 sama konten viral pasti bakal viral,1,1
jualan fitur auto parking untuk mobil seharga dan sekelas byd denza kyknya ga ngepek secara pake supir aja malah lebih canggih dari auto parkir pake supir gak cuma bisa parkir mobil bisa jalan belom2 kiri kanan ngantar ke mall sekolah kantor kemana deh,0,0
dulu merasa kurang transparan saat bermain di tempat lain sekarang lebih baik di slot77,1,1
emang mantep sih kalau dicompare part to part ya minggir tuh mocin2 jangan bilang feature kalau berani compare part to part,0,0
di pertemuan itu mereka membicarakan alexis17 ide menarik secara diam diam,1,1
jokodok wajib di tangkappp,0,0
keren abis alexis17 bikin segalanya mudah,1,1
pdhal mah ga jutek ibu nya krn blm kenal aja kl yg dah sering kesitu juga pasti hapal,0,0
om tolong hana om yg korban pemerkosaan udh naik ke podcast bang deny sumargo ramein lagi om tolong kasian om pelakunya gada otak masih bisa ngeledek ketawa gada rasa bersalah,0,0
gokil abis di alexis17 ada bonus cashback yang dibayar dalam hitungan pikodetik,1,1
tepe dan mereka yang gaul penuh dengan pengalaman adalah contoh kesenjangan di indonesia,0,0
huawei freebuds 6 ga masuk yak,0,0
yang dibunuh syarifah dzurriyah rasulullah saw,0,0
harusnya bobon diangkat jadi mentri pembangunan,0,0
cuma modal kopi bisa dapet duit di pluto88,1,1
mantap makasih junior88 sukses bikin gue terkesan,1,1
walkthrough nya sangat membantu alexis17 akhirnya bisa lewat stage ini,1,1
emang terbaik dah lesti77 emang gak bikin bosen nih,1,1
berkat junior88 saya berubah drastis dari penjual mie ayam jadi bos kedai 5 cabang,1,1
aero88 ini hoki sih gk ngerti lagi,1,1
banyak sekali yang merevew makanan murah tapi adakah yang pernah merenungkan ada derita apa di tingkat peternak dibalik murahnya produk kuliner murah,0,0
alfabet99 jauh lebih baik setelah mengalami terlalu sulit untuk menang di tempat lain,1,1
dora77bikin hidup lebih berwarna rezeki datang silih berganti,1,1
yuan koohhh bukan yen,0,0
bahasa kaolri ini pun gak beres belum apa2 si listiyo sigit ini dah ngomong pencemaran nama baik selidiki dulu ijazah nya nggak beres juga si listiyo sigit ni,0,0
gokil abis di alexis17 ada bonus cashback yang dibayar dalam hitungan menit,1,1
lebih murah suzuki fronx,0,0
kalo mau main tanpa drama aero88 pilihannya,1,1
maaf lambat kak dhot apsenya soalnya lagi pulang kampung,0,0
mak otong vs saitama,0,0
aero88 menawarkan kesempatan untuk terhubung dengan individu yang berpikiran sama,1,1
kyk e pak jokowi kena pnykit ginjal bengkak semua soal ny,0,0
60 detak jantung berpacu kencang menunggu jp di simba69 akhirnya pecah juga jackpotnya,1,1
ikan hiu melayang layang manjurbet sayang gokil cuan uhuyyy,1,1
ikan sapu sapu makan kail hoki777 gapernah salah,1,1
jepe di aero88 gampang banget,1,1
langkah pertama yg harus di ambil bila indonesia bisa tenang pecat dan ganti kapolri bersihkan gang solo yg sudah jelas2 merugikan bangsa dan yg selalu ditutupi,0,0
ayo buktikan sendiri keajaiban kingasia77,1,1
main di do a77 ga pernah zonk gacir trs bikin lupa waktu,1,1
thanks a l e x i s 1 7 hasilnya beneran real time,1,1
banyak pilihan game gunungwin emang situs pilihan pemain para sultan kayak saya,1,1
coba pak pratikno dimintai keterangan untuk yg paham saja,0,0
main tanpa ekspektasi tapi rezeki datang juga dari dora77 seru banget,1,1
reaction bowo88 pas nonton editing software bikin ngakak,1,1
terlibat terlibat kusumat0t0 setia ini haha,1,1
hadir,0,0
kuasa hukum jokowi hanya menutupi dan membela jokowi fulus yg berbicara sehingga selalu melindungi mati matian,0,0
jdi inget hp samsung awal,0,0
sambil nonton gua buka diorgaming enak banget buat hiburan santai,1,1
sambil makan core masa ga mampir di pstoto99 aree are,1,1
hancurkan mulyono yang simple dibuat ribet,0,0
sukaaa bangettt sama weton88,1,1
li auto mega zeekr 009 xpeng x9 zeekr mix denza d9 byd xia saic maxus mifa 9 g90 di rrc mah mpv futuristis banyak banget,0,0
itu si rijal doyan banget main di a m b i l 4 d sampe kebeli motor,1,1
semangat terus mang ngontennyaa jangan lupa selalu h o k i 7 7 7,1,1
mahal sewa batre 1jt lbh,0,0
ikut ikut grafik dhot design,0,0
enaknya ngebut mobil klasik sambil dengerin lagu favorit alexis17,1,1
lokasinya strategis banget cocok buat jajantogel jualan ayam sambil ngopi di stasiun,1,1
awas bre klo main di jet88betparah ga di kasih berenti wd nya,1,1
aero88 tiap maen pasti ada hasil gk nyangka,1,1
anjay mantep di alexis17 bisa main slot sambil nge apple music,1,1
gua baru main di megabet99 dapet jackpot besar banget x500 cuan langsung masuk ke akun wd cepet juga,1,1
awal nya liat mas tepe ini orang kenapa yak lama lama jadi bisa nerima aneh aja udah,0,0
namanya jelek njir,0,0
setiap kali main di slot77 terasa banyak game menarik untuk dicoba pengalaman yang sulit dicari di tempat lain,1,1
literally bikin sultan di alexis17 modal receh bisa jadi pengusaha properti,1,1
kenapa gk pda unsub sih orang 3 jt ini heran deh,0,0
setiap kali main di slot77 terasa menjadi tempat favorit pengalaman yang sulit dicari di tempat lain,1,1
mega lanjutkan karir mu,0,0
06 30 jerukbet bahaya buat orang ketagihan,1,1
90 progresa labfornya 10 lagi kl ijazah aslinya sudah ada,0,0
dengan teknologi lebih gampang,0,0
luna maya zodiaknya leo emang terkenal suka nada tinggi ngegas rata rata zodiak leo memang gitu,0,0
semamgaty truss ini adalah bentuk narasi bagi generasi negri yg telah dikebiri,0,0
wireless charging nya hilang kah kalo liberty 4 nc kan udah wireless charging,0,0
hal yang begini bisa jd ribet sampai sekarang jokowi jokowi,0,0
bang kalau dibanding tws huawei freebuds 6i lebih worth it yang mana ya,0,0
makin keren gambarnya euyy,0,0
alfabet99 memberikan pengalaman lebih baik setelah sebelumnya merasa kurang responsif dalam pelayanan di tempat lain,1,1
rezeki datang begitu cepat main di junior88 langsung gacir,1,1
keren asli memang ini gunungwin situs terbaik,1,1
kita juga dari kampung tapi ga segitu juga pemikiran nya phe,0,0
h tegak jualan macam2 produk tapi tetep paling laku cman si mobil kebanggaan kaum jamet si brio mending fokus kembangin aja tuh si kecil,0,0
bosan main di mandalika77 tidak membuat kamu bosan,1,1
gk pph gw mah di beda in ama pak badhot karna gk berlangganan yg penting gw mah udah dari dulu ngikut nih chanel,0,0
bandinginnya dg alphard krn denza jg kt blm pernah pakai,0,0
serius deh di a l e x i s 1 7 ada fitur favorite provider yang memudahkan,1,1
mau tau restoran pecinan tak,0,0
keren banget menang banyak di sgi88 auto liburan mewah,1,1
tampilan bowo88 sih ga main main gokil parah,1,1
kenapa baru sekarang di ungkit2 ga dari dulu kalou benar hati2 lho,0,0
kenapa namanya tepe bukan tempe,0,0
berkat d o r a77 saya melesat dari penjual asongan ke bos ritel,1,1
tim kambing dnk mamen,0,0
pulau777 hadiahnya luar biasa,1,1
hero paling annoying,0,0
kerja bagus,0,0
ingin kekuasaan ingin jabatan tapi tidak punya ijazah untuk memenuhi persyaratan caranya,0,0
dh kek ark survival evolved mirip ama ada peluru bius,0,0
junior88 tiap hari hoki terus terusan gk paham lagi,1,1
cindo gila ga bantu malah makan aja,0,0
gila sih di bowo88 ada event slot race dengan hadiah mega fantastis,1,1
emang gak ada yang se worth it alexis 17 deh,1,1
asli bikin nagih di a l e x i s 1 7 sensasi menang nya bikin ketagihan giga,1,1
slide fb naik turun naik turun kok isinya alexis17 semua penasaran cobain depo main bentar aja ehhh malah dapat maxwinnn,1,1
penegak hukum ind semua pemeliharaan jokodok prabowo hrs bangkit sikat jokowi dan antek nya ind aman adil makmur tdk gaduh trs,0,0
belakang nya akan menjadi kontroversi karena lebih jelek daripada santa fe,0,0
liat kak pebbi makan langsung pengen makan,0,0
tidak menyangka pengalaman pertama di alfabet99 bisa langsung merasa puas dengan permainannya benar benar menarik,1,1
modal kecil langsung gacir di aero88 puas banget main di sini,1,1
gak jelas lagi hukum di indonesia ini ijazah jokowi blom jelas keaslianya tapi sudah dihentikan tapi laporan fitnah yg tidak mendasar dipaksakan,0,0
ettt sangat ramaaah syekaliiii ibu nya,0,0
baiknya ibu adriana dan tim lipi juga masuk dalam tim yang membantu pa wapres ke papua agar fokus pada penyelesaian akar masalah papua,0,0
kapolri berpihak k jokowi byr utang budi,0,0
makin cinta deh sama alexis17,1,1
sebelumnya saya merasa membuat tidak nyaman di tempat lain akhirnya mencoba cnd88 dan lebih nyaman,1,1
coba kak tasy ikut master chef,0,0
gak pernah bosen main dora77 selalu ada update dan inovasi terbaru,1,1
alamatnya ko,0,0
makin yakin abis baca review lain tentang sgi88,1,1
05 00 777 hadiah besar menantimu,1,1
per km rp 800 masih kemahalan jika dibandingkan nge charge di spklu anggap 1kwh bisa nempuh 7km kalo sewa bayarnya rp 5600 per kwh sedangkan kalo nge charge langsung ke spklu hanya rp 2500 per kwh,0,0
class bos sgi88 gak ribet depo cepat dan wd lancar,0,1
dari kecil jadi besar saldo makin nambah kingasia77,1,1
literally bikin tajir di junior88 modal kecil bisa jadi milyaran dalam hitungan jam,1,1
semua jadi mungkin karena kingasia77 luar biasa,1,1
bisa bisanya gw baru sadar akan kehidupan setelah lulus dari sekolah 2tahun lalu sialann,0,0
komentar2 politikus2 yang provokatif tidak perlu ditanggapi masjarakat,0,0
go institusi tni polri ugm nkri jangan sampai tunduk dan kalah sama grombolan piple power roy suryo cs purnawirawan amin rais perusuh nkri ini,0,0
kayaknya banyak banget muncul masalah seputar penyalahgunaan kekayaan alam negara tapi penyelesaian masalahnya kok ngga ada satupun yang kelihatan gimana ya kita cuma dengar pembahasan seperti ini tapi solusinya ngga pernah ada jadi ini cuma diomong omong kan saja,0,0
beneran aku coba main disitus lain kayak sedot wd main di gunungwin langsung wd alhamdulliah,1,1
kalau di ku s u m a t 0 t 0 ga banyak basa basi bentar aja udah landing ke mbanking,0,1
alfabet99 jauh lebih baik setelah mengalami kurang fleksibel dalam permainan di tempat lain,1,1
suppor motivasi,0,0
lah dia ksn ternaknya mulyono juga,0,0
waktu luang jadi produktif gara gara josgacor,1,1
wajar aja jadi trending kingasia77 nggak mengecewakan,1,1
gak pernah dengar kadang kadang bakwan mie jakarta jualan haram dari halal bila hal halal itu terlihat kenapa tak makan,0,0
ngelike semua komen hujatan,0,0
bang angkat kembali topik ruu perampasan aset,0,0
keren banget mona4d selalu punya cara menarik untuk menyampaikan cerita,1,1
gacor55 emang top editing rapi vibes nya asik sukses terus,1,1
mendingam buat proposal aja ke belanda minta indonesia di jajah lagi,0,0
siapa suruh ga olahraga jadi food vlogger harus dibarengin jug dengan olahraga biar lemak ga diem dibadan doang bawa gerak gw bilang gini karna gw ngerasain sendiri saat masih smp cuman gw sendiri yang 90kg hampir aja 100kg tapi semenjak masuk smk gw jadi sering gerak meskipun jarang olahraga dan sekarang gw udah turun sampe 66kg dan rasanya badan gw ringan dulu ngangkat standar 2 motor vario ringan aja susah sekarang motor apa aja biasa diangkat standar 2 semua orang juga bisa sih tapi setidaknya ada peningkatan angkat galon angkat ini itu macaem2 dulu gabisa sama sekali karna keberatan sekarang gw bisa sendiri intinya gw cuman mau bilang klo mau tetep makan banyak silakan tapi perhatikan berat badan dan kesehatan juga apalagi umur umur segitu emang udah sampe dimasa masa nakan harus dibatasi setidaknya kua tanboy kun yang makan banyak tapi tetep kurus karna rajin olahraga bisa aja kan lu nanti pas selesai olahraga jadi makin cantik banyak cowo deketin nikah sama gebetan jadi dipermudah,0,0
kemahalan honda diatas 350 udah gak worth bakal babak belur dihajar moblis apalagi bengkel resmi pasang tarif gak ngotak,0,0
kaya ark evolved cok,0,0
absen yang nonton di tahun 2025,0,0
gua baru main di g0ld3n dapet scatter dan wd cepet 1 5 juta cuan langsung masuk seru banget,1,1
tetap overprice and minim teknologi,0,0
dulu bermain di tempat lain terasa tidak sesuai ekspektasi tetapi setelah pindah ke slot77 jauh lebih puas,1,1
mantappp si harimau sumatra tetap smangat bang rismon rakyat bersamamu,0,0
jateng hadir bg,0,0
bikin ketagihan main di dora77 gacor bener,1,1
said didu itu adu domba,0,0
gila sih di a l e x i s 1 7 ada event lucky draw dengan hadiah samsung terbaru,1,1
jangan lewatkan kesempatan di pulau777,1,1
spill dong rahasia suksesnya junior88,1,1
cuma pemain receh kusumat0t0 tapi yg penting pamer,1,1
semoga penyakit mobil kaleng dari astra tidak tertular ke polytron,0,0
situs ini gak pernah mengecewakan megabet99,1,1
hari yang penuh berkah dan kebahagiaan berkat suhu328 rezeki datang menghampiri tanpa permisi,1,1
gak akan bisa maju apalagi kecurangan setiap pemilu presiden muncul terus,0,0
modal pas pasan hasil memuaskan emang klik88 paling ngerti kita,1,1
sungguh edan untuk banyak yang sangat fantastis dan luar biasa besar di aero88 kembali memecahkan rekor yang ada,1,1
gila sih di b o w o 88 ada event lucky spin dengan hadiah liburan ke santorini,1,1
world building nya mantap alexis17 terhanyut dalam ceritanya,1,1
rute nongkrong di bengkel favorit junior88 kemana aja sih,1,1
gue rela gak update sosmed demi fokus main di pr0be 855,1,1
lagi lapar banget hari ini pengen bangun pagi kayak junior88,1,1
bang ke baros ada belut goreng ke pandeglang sayur walang pake daun walang yang baunya kayak walang sangit ayam goreng kampung di pandeglang enak bang rabek kambing uduk di sekitaran rau sate bebek di cilegon cari sayur kulit tangkil sate bandeng di baros cobain ramen level di ramen naruto serang,0,0
senang banget main di bu4ya138 langsung dapat jakpot besar hari ini,1,1
wkwkwk,0,0
pawpaw4d tempat cari hoki terbaik,1,1
keren sih harusnya untuk jumlah bengkel resmi dan ketersediaan sparepart kedepannya udah ga ada masalah dong ya,0,0
di balik layar jadi bintang tamu bowo88 ternyata ada wawancara lucu,1,1
gw ga percaya ada yg berani ancam prabowo dia ga tau apa semengerikan apa pak prabowo yg ada malah yg ancam utusannya yg ngancam yg tinggal nama,0,0
masyaallah emang bener kata gusdur pak prabowo tulus buat indonesia percuma ikn kalo cuma apbn dr hutang cari investor asing di sana apa yg mau di invest pembangunan orang asing udah ahlinya bikin gorong bawah tanah,0,0
00 20 situs paling terpercaya ya jangkrik4d dong,1,1
ada si kates noh,0,0
slot ramah pemula dan gampang cuan di pluto88,1,1
kece abizzz bang topan,0,0
emang gg bang topan,0,0
prabowo mantan jendral internasional knapa takut she buktikan dong,0,0
keren bgt luna professional bgt dalam pekerjaan malah maxime nya yg ngerasa gaenak gtu ditanya adegan kissing suka bgtttt liat pasangan iniii,0,0
haadiir selalu mas pr0be 855,1,1
gokil abis di junior88 ada bonus cashback yang dibayar setiap nanodetik,1,1
penasaran dengan dora77 layak untuk dieksplorasi,1,1
alahhhhhh masih 1 peternakan,0,0
happy banget bisa dapet rezeki besar dari dora77 bener bener puas,1,1
kemana aja kk,0,0
kebenarean otoritas itu yg kuliah bukan fak atau pol jadi pribadi ini punya ijh atau tidak sederhana,0,0
sgx dapet apa itu jauh bener harganya,0,0
serius deh di alexis 17 ada fitur notifikasi jackpot yang keren quindeciliun,1,1
tepe tepe kosong amat,0,0
modal receh jadi motor junior88 emang gacor tiada tara alhamdulillah berkat junior88 bisa traktir keluarga hari ini,1,1
baru nemu situs pota69 ada ngasih bonus 100 cari aja di google ketik namanya itu,1,1
kalau jokowi ditangkap dlu berikut antek2nya beres negeri ini pertama ganti semua mentri eks jokowi terakhir biang keroknya,0,0
keren abis mona4d cerita mengalir visual ciamik mantap,1,1
hati hati bang sekali kedip tiba2 sudah setengah piring tu,0,0
ka cobain seblak instant dong,0,0
gila gua abis wede besar di alexis17 lo kapan nyusul,1,1
tepe ngeselinnya natural cok,0,0
sudah aku bilang mandalik77 itu tetap terbaik,1,1
robi nyanyi,0,0
namanya e cvt tp olinya atf nanti beltnya gabisa putus dong,0,0
hasbunallah wani mal wakil,0,0
seru banget main di slot77 karena pengalaman yang luar biasa jadi betah,1,1
dora77 gachor hasil cuan,1,1
berkat probet855 saya berubah dari penjual asongan jadi pemilik toko modern,1,1
palingan juga cuma di hukum 12 thn keluar penjara msih bsa tuh cri korban lagi,0,0
ko jo ripiu skin change dongg,0,0
literally bikin sultan di alexis17 modal receh bisa jadi milyaran,1,1
bunyi bacanya steik om bukan stik,0,0
bikin konten ga tentu harus dipaksain mbak,0,0
bikin ketagihan main di ae o88 gacir bener,1,1
mati beneran tah,0,0
02 42 kok bsa gtu wkwkwkw junior88,1,1
aplikasinya ringan banget maxwinbos maen di hp lama pun gaspol kek gue tetep kenceng dia gaspoel terusss,1,1
tapi kenapa ketika menekan x atau close pada iklan malah masuk ke iklan tersebut kayak olshop playstore judol dll,0,0
semoga hikim ini teguh hatinya jangan sampai kebeli p jokowi,0,0
gelar perkara ijasahnya juga qkbkluarr teruss apanya yg di gelarr bojong byk lool boosss,0,0
p,0,0
netizen maha benar pada nyerbu alexis17 gara gara kontroversi,1,1
pertama kali bermain di alfabet99 dan langsung mendapatkan keuntungan besar pengalaman yang luar biasa,1,1
nggak salah kalau kingasia77 lagi jadi buah bibir,1,1
dax selalu banyak event seru tidak ada yang lebih seru,1,1
bener ikut menikmati experience bang david review satu per satu tws dari awal sampai akhir video mantapp bang david wkkw here we go top 5 of 30 tws budget 100k an soundtech s18 196k monster xkt08 138k budget 300k an soundpeats clear 299k budget 400k an moondrop space travel 401k edifier x3s 357k ter balance versi bang david top 10 of 30 tws 1 50 soundcore r50i 197k 13 23 edifier x2s 221k 19 18 monster xkt08 138k 33 46 moondrop space travel 401k 41 06 redmi buds 4 lite 250k 48 00 eggel comfortbuds 379k 50 11 soundtech s18 196k 54 26 soundpeats clear 299k 1 03 50 thinkplus gm2 118k 1 05 20 edifier x3s 357k,0,0
pelayanan axl777 super ramah puas banget,1,1
langsung merasa langsung menikmati fitur unggulan saat pertama kali main di slot77,1,1
baru pertama kali coba di megabet99 langsung wd 1 juta gak nyangka bisa secepat itu situsnya bener bener gacor,1,1
mau menang terus gaspol di manjurbet,1,1
loh pstoto99 kok ada di 00 30 emang ngasih mulu nih pstoto99,1,1
hangout sama temen di cafe eh ketemu junior88,1,1
ga ru da ho ki dijamin profit,1,1
junior88 gk nyesel join di sini hoki terus,1,1
perlu saya akui pr0be 855 adalah salah satu situs terbaik diacara profit untuk sekarang,1,1
serius deh di alexis17 ada fitur history event yang lengkap exa,1,1
konten yang luar biasa keren banget cara kamu menjelaskannya main yang bagus di sini bang junior88,1,1
jika anda menghargai kualitas dan perhatian terhadap detail dor a 7 7 mungkin cocok,1,1
cari penghasilan tambahan main di sukses303 aja,1,1
sekelas prabowo saja tidak bisa atau memang tidak berani tegas dengan kapolri ini,0,0
gak ada berita veda ega pratama ya,0,0
10 17 enggak kenapa sloww buu,0,1
wah pak wiwi berulah,0,0
orang orang titipan mulyono ini emang biang masalah semuanya,0,0
bowo88 gk nyesel join di sini hoki terus,1,1
mak otong udah kaya di game ark survival,0,0
walah pakak no ular soro negara apa gibran tau apa walah walah,0,0
banyak bonus banyak jackpot maxwinbos surga bettor,1,1
gacor55 bikin masterpiece visual kece cerita dalem,1,1
sat set sat set,0,0
harus nya luhut jadi saksi jokowi biar jelas jokowi ijazah palsu nya,0,0
gue udah coba banyak situs tapi maxwinbos beneran the best sih baru kali ni betah sama 1 web asleeeeeeeeee,1,1
dulu merasa kurang transparan dalam sistemnya saat bermain di tempat lain sekarang lebih baik di alfabet99,1,1
serius deh di a l e x i s 1 7 ada fitur filter rtp yang akurat setiap mikrodetik,1,1
memalukan mantan presiden banyak drama nya kenapa ngak msu jujur ajah,0,0
hayo ko ketar ketir baju oren baju oren,0,0
gak bakalan laku dihantam mobil listrik china,0,0
gelooo king junior88,1,1
baru main sebentar di kaki 777 langsung hoki besar,1,1
pulang kantor kena deadline mepet ngantuk banget a 88 juga kena gak ya,1,1
makan mie instan ditemenin saldo victory007 paling pas,1,1
mabar kuy cari lawan buat alexis17 nih keren,1,1
smkin parah sih drama film dhot design apa kurang ya dana atau followers yg ad skrng,0,0
junior88 gua main bentar saldo lgnsung banyak,1,1
skli2 bhas iem kek dac ke hnn,0,0
ijazah hanya katanya asli mana ijazahnya jangan narasi2 yg menyesatkan justru kalian pengacara jokowi yg menyesatkan tidak bisa membuktikan ijazah ada bateskrim mbayar berapa ya rakyat juga paham pengacara kau juga ga pernah lihat ijasah jokowi,0,0
pertama kali bermain di dax dan langsung bisa bermain dengan nyaman pengalaman yang luar biasa,1,1
ngopi santai di mall tempat favorit alexis17 juga nih,1,1
ini mah buka toko cuma iseng iseng kayaknya lebih kayak koleksi sepatu gak capek capek nyari model sepatunya datang sendiri dikasih harga murah pula kadang dalam hidup peluang datang tanpa diduga kayak main di ambil4d dengan modal kecil bisa dapet hasil besar kalau tahu caranya peluang itu ada tinggal pintar pintar ambil kesempatan,1,1
gila sih di alexis17 ada event tournament slot dengan hadiah galaksi pribadi,1,1
suara mic monster cempreng masih beningan nokia yang tadi saya dengarkan walaupun mungkin bassnya kecil ga berasa,0,0
nggak pernah gagal dalet jakpot besar di garuda138 luar biasa,1,1
megaspin pragmatic lah brooo doarrr jptogel,1,1
saya juga lagi merintis jadi food blogger tapi apa yang saya kontenin tidak semuanya saya makan kalaupun saya makan paling porsi kecil itu pun pilah pilah dulu sesuai kebutuhan densan mempertimbangkan kesehatan,0,0
2 09 emang melisa make pedang bang,0,0
teknologi makin canggih orang makin sibuk dengan pekerjaannya dan lebih sering main hp di banding bersosial makin modern makin banyak orng yg ngalamin masalah mental dampaknya bukan ke lingkungan aja ke kesehatan mental dan fisik juga sama,0,0
santai duduk manis hasilnya bikin hati puas nvmslot898 tempatnya,0,1
receh banget jokes alexis 1 7,1,1
jadi kabur ke china tidak berlanjut kasus pidananya,0,0
m i y a 8 8 emang beda banget pas masuk bagian menit 0315,1,1
kompolnas itu lebih banyak membela lembaga kepolisian,0,0
itu si rijal doyan banget main di jerukbet sampe kebeli motor,1,1
spin dikit cuan banyak yuk join galaxy998,1,1
seru banget main di slot77 karena menawarkan kenyamanan yang luar biasa jadi betah,1,1
ngakak pas 3 23,0,0
jangan di googling jerukbet yagesyaaa,1,1
sdh jls tdk kan ada yg berani 1org pun aparat hukum yg bener jujur apa lagi kalopri negara ini sangat lemah dn bobrok soal hukum,0,0
saya mau bertanya ada apa di seve raja ampat di papua,0,0
merk jete kok gk masuk bang,0,0
gokil parah di bowo88 ada bonus deposit pertama 200,1,1
waktu istirahat mereka membicarakan junior88 peluang baru dengan teman baik,1,1
negara gagal,0,0
main di lesti77 tuh bikin nagih,1,1
intinya sekarang pemerintah kalah sama orang2 kayak ini coba diberi efek jerah pada para propoktor ya tdk seleluasa ini,0,0
soundtech s18 suara nya bagus tpi ngontrol volume ny gk bisa langsung d tws nya harus melalui hp,0,0
itu yg mana suporter persita atau suporter persib busettt dah sama samua g ada pembeda,1,0
gacor55 bikin konten kece cerita apik,1,1
oke gua setuju sama tepe sih,0,0
mauuuu,0,0
jika jokowi berbicara maka coba diartikan sebaliknya,0,0
penasaran banget deh sama bowo88,1,1
orang orang seperti ini yang bikin negara seret maju malah justru merusak,0,0
main santai tapi wd gacir cuma di pulau777,1,1
beda kelas kalau mau ketemu rodtang nabil harus turun jauh dan kemungkinan besar kedua fighter akan saling menghindar agar tidak bertemu dikelas yang sama,0,0
enak kalau jadi newmember di togel62 bonusnya bisa bekali2 claim,1,1
gak pernah gagal weton88,1,1
gk ngecewain bor mantap kusumat0t0,1,1
ngakak njir liat grock nya 16 24,0,0
monyong gondrong,0,0
gue beli cerry kagak diundang parah cerry,0,0
dia belom merasakan main di legend solo,0,0
kami masih setia bro main di alexis17 udah ratusan situs kami bandingin tetep paling enak di alexis17,1,1
anjay keren di a l e x i s 1 7 bisa main sl t sambil nge peacock,1,1
kapolri gak bisa apa apa cuma bilang terima kasih,0,0
min skali kali kasih pak rungkat sama peot senang napa min sedih liat ny ke ingat masa kecil saya dulu,0,0
sumpah co tepe orngnya kek orng kosong ga tau mau ngapain co anying i like gw co,0,0
turut senang dgn pernikahan luna dan maxime berharap mereka awet selamanya,0,0
apakah bumi akan terjadi seperti elysium film elysium adalah film fiksi ilmiah aksi yang dirilis pada tahun 2013 disutradarai oleh neill blomkamp juga dikenal lewat film district 9 film ini dibintangi oleh matt damon jodie foster dan sharlto copley berikut adalah cerita singkat dari film elysium latar belakang cerita pada tahun 2154 dunia terbagi menjadi dua kelas sosial ekstrem 1 kaum elit hidup di elysium sebuah stasiun luar angkasa mewah yang mengorbit bumi di sana mereka memiliki teknologi medis canggih seperti med bays yang bisa menyembuhkan penyakit apapun bahkan kanker 2 sebagian besar umat manusia tinggal di bumi yang sudah hancur padat penduduk miskin dan penuh penyakit serta kekerasan tokoh utama max da costa matt damon max adalah mantan kriminal yang bekerja di pabrik robot di los angeles setelah kecelakaan kerja dia terkena radiasi parah dan hanya punya waktu 5 hari untuk hidup satu satunya harapannya adalah pergi ke elysium untuk menggunakan med bay agar sembuh konflik dan misi untuk mencapai elysium max bekerja sama dengan kelompok pemberontak mereka ingin mencuri data penting dari otak seorang eksekutif korup bernama john carlyle data ini berisi sistem kunci yang bisa mengubah status siapa saja menjadi warga sah elysium max kemudian ditanamkan exoskeleton mekanik agar bisa melawan robot dan tentara di sisi lain seorang agen brutal dari elysium bernama kruger sharlto copley dikirim untuk memburu max klimaks max berhasil membawa data penting ke elysium meskipun harus mengorbankan nyawanya dengan bantuan data itu sistem elysium di reset sehingga seluruh penduduk bumi resmi diakui sebagai warga elysium kini semua orang bisa mengakses fasilitas kesehatan canggih tema dan pesan film ini menyentuh isu sosial seperti ketimpangan sosial dan ekonomi imigrasi dan akses terhadap layanan kesehatan keadilan dan kemanusiaan dalam sistem teknologi,0,0
gabung baru langsung hoki di pawpaw4d,1,1
robi kamu sm aja kayak mama aku nayaniyi nya lagu itu had3h,0,0
kuliah online bikin haus mending liat postingan alexis17 hehe,1,1
di kasih profit bang main di lesti77baru nyobain juga main di situs nya,1,1
jalan jalan virtual ke gunung bareng cmbets88 seru juga,1,1
semangat kak jangan lupa olahraga ya kak supaya lebih banyak lagi konten makan makannya bikin ngiler soalnya sehat selalu kak,0,0
kereeeen,0,0
kenapa kita harus risau,0,0
wihh jadi seru bgt sekarang dhot design,0,0
umpang 20k bisa dapet besar kalau di h o k i 7 7 7 bosku,1,1
selama netizen indonesia berbudaya nimbrung tanpa pakai logika indonesia tdk akan maju kebanyakan netizen sibuk dengan hal tak berguna ngurusin ginian lebih baik netizen indonesia sibuk bekerja mencari pengembangan diri,0,0
asli bikin nagih di junior88 sensasi menang nya bikin ketagihan super,1,1
main bisa dari hp atau pc di s u k s e s 303,1,1
bagi orang kampung tambah bingung nabi muhammad tidak punya ijazah memimpin manusia islam sedunia tidak di masalahkan,0,0
judol ya matikan server judol nya bila memang indonesia punya orang cerdas cerdas kok masalah seperti itu jadi masalah bantuan sosial,0,0
menurut gue kalau logika idelisme nya tepe nya di benturin sih dia ga bakalan ada ego daerah lg deh,0,0
kami tetap mndukung prabowo apapun yg terjadi jika kebijkn pk prabowo brpihk ke rakyat,0,0
lagi gacor banget sampe tetangga iri kalau mau bikin iri juga langsung search pawpaw4d,1,1
ga ru da ho kiterpopuler di indonesia,0,0
kasian banget yg menyerang dan menghina jokowi bkal kena penjara,0,0
yang pertama apa nama makanan nyaa enakk bngtt,0,0
commentnya ngakak aja deh,0,0
langsung merasa langsung memahami cara bermain saat pertama kali main di d a x 6 9,1,1
mona4d bikin video hidup hibur abis,1,1
gw masih stuck di sze nih bye nya candu,0,0
menteri bahlil berkomitmen menjalankan pengawasan ketat untuk memastikan setiap perusahaan tambang patuh terhadap peraturan yang berlaku,0,0
burnt cheesecake emang harusnya se burnt itu kakk karna ciri khas nya di smoky nya,0,0
jangan oercya said didu orang munapikmuka tembok tukang adau domba,0,0
gak perlu keluar uang langsung dapat bonus gak percaya coba aja sendiri berlian 33,1,1
alexis17 paling males kalo udah bahas akun gosip yang bikin ngakak,1,1
tws rog ga pernah masuk ya se buruk itukah wkwk spill om om yang punya pengen beli biar 1 ekosistem tapi kalo busuk males juga,0,0
langsung merasa langsung menikmati fitur unggulan saat pertama kali main di dax69,1,1
gacor55 bikin video ini memorable keren,1,1
robotnya introvert katanya,0,0
subhanallah unsur138 bikin masterpiece tiap detik bikin penasaran,1,1
kesempatan besar gak boleh dilewatkan main di kingasia77,1,1
roy cs masuk penjara saya syukuran,0,0
pak jokowi masih hidup ugm masih berdiri tentu jokowi punya ijazah asli dong tunjukan langsung beres penjarakan semua penggugat tapi kok pak jokowi tidak nunjukan punya apa enggak sich ugm ke pengadilan juga dong nguatkan jokowi tapi kok enggak khan alumni itu jelas ada datanya komplit kok cuma bikin kesaksian di medsos yang sulit itu memastikan gajah mada dilantik jadi mahapatih tanggal berapa bulan apa gajah mada anak istrinya berapa,0,0
payah bilang emang di mari sangat recomen di k u s u m a t 0 t 0 cuy,0,1
sy di jakarta ga pernah ketemu steak viral,0,0
ijazah rismon sianipar di cek juga itu asli tidak berani sekali mengatakan ijazah pak jokowi palsu biar akhirnya malu sendiri rismon,0,0
mamen,0,0
emng hoki nya ga abis abis main di lesti77,1,1
akn ttap dgn tujuan sluruh hura hara hya model cantik,0,0
naikin lg lh k 550 600jt makin byk dealer yg buka baru honda nanti percaya deh,0,0
alexis17 bilang trending topic itu penting buat transparansi,1,1
keuntungan di axl777 membuka jalan bagi saya untuk memiliki rumah yang layak,1,1
nih saya kasih ilmu main di junior88 gak usah pusing pola dll gas main dapat hasil wd dah gampang,1,1
kelihatan bgt dagingnya tebel gede dan juicy sasang jauh ak d jogja soalnya kooo,0,0
kapitalisme karena kaum elit perlu mengeruk kekayaan dari kita2 perlu adanya ketimpangan agar bisa dikendalikan setiap sendi kehidupan,0,0
kan korek nya kan di pak rungkad kenapa topan bisa bakar bakar pas malem aneh,0,0
2 26 gila keren banget backgroundnya mirip kek lukisan malahan,0,0
tepe adhd banget gila,0,0
paham betul pengamat ini klu hukum di nkri tajam ke bawah,0,0
bener bener gacir banget main di aero88 modal kecil hasilnya luar biasa,1,1
pulau777 tempat jackpot terbesar,1,1
saat matahari terbit kami mengirim alexis17 perubahan signifikan di dekat pantai,1,1
08 55 jackpot tak terbatas probet855,1,1
aneh negri ini kasus ijazah palsu aja alot bener mau di bawa kemana negri ini,0,0
ini baru kmpolnas mnypekan lbih jlas masuk logika jelas dn gmblang hdup kompolnas,0,0
dibeber ngalor ngidul malah gak jelas jelas,0,0
percaya ijazah pak jokowi asliiiii,0,0
cuan tipis tipis dari victory007 bikin hati seneng,1,1
first,0,0
alfabet99 memberikan pengalaman lebih baik setelah sebelumnya merasa membosankan tanpa inovasi di tempat lain,1,1
dora77 win terus gacor,1,1
guysss tws yg under 100k kirakira apa yaa yg bagus,0,0
q a vlog alexis17 ngejawab pertanyaan unik rasanya dari netizen,1,1
kayak nya bg sebas gk bisa masak sampe dimarahin kakek kakek tua,0,0
dax69 benar benar permainan selalu seru bikin betah setiap hari,1,1
wih jp lagi dan lagi di dora77 rezeki emang gak pernah berhenti mengalir,1,1
buanjir termul dikomen,0,0
kenapa sih takut tunjukn ijazah nya itukn bukan aib kalau palsu baru aib takutnya kok berlebihan jadi semua orang beranggapan itu memang palsu,0,0
ini tgl tunjukkan jgn sampai melebar2 ini yg dituduh jg malah santai ga jelas,0,0
kompolnas selama ini membela penguasa ayo tegakan kedilan jangan cuma omon omon,0,0
proyek apa proyek sampah,0,0
ga ru da ho ki sudah terdaftar resmi,1,1
kapan test drive dan review lengkap,0,0
bang jagat bisa gk rekomen alat rumahan contoh 1 atau 2 produk tentang tv kulkas mesin cuci karena belum ada banyak channel,0,0
lucu baget,0,0
makan tinggal makan banyak omong,0,0
asli pecah disamber kusumat0t0 akun baru nya broo,1,1
cita cita jadi pro player kayak junior88 tapi masih livestream,1,1
orang udah mantan ga usah di gubris wong udah mantan ko ga ad apap ny bila pa wowo mau bisa aj cuma ini kan bales jasa sipat ny,0,0
terima kasi rezekinya sgi88,1,1
asli gak bohong di a l e x i s 1 7 ada fitur quick login yang super kilat septendeciliun,1,1
liat pameran mobil punya alexis17 irit banget sumpah,1,1
cino elek penjilat anjiiirr,0,0
kalimat yang terukir dalam jiwa pendengar dan pemikir akan terus bergema karena seperti tamparan keras menghantam wajah pahlawan pada masa lalu yang terus berjuang dalam pengorbanan untuk kemerdekaan malu aku jadi orang indonesia,0,0
pengacara pak jokowi menunjukan kelasnya sopan etika terjaga dan intelektualnya yerlihat jelas bicara sabar jelas tertata rapi beda banget dg roy cs juga pengacaranya berbanfing terbalik cengengesen tdk menghargai orang bicara mau menang sendiri teriak2 menyela intelektualnya tdk ada nol tuhan nyatakan kebenaran mu kuasa mu nyata perligatkan ujud nyatanya roy cs yg cengengesan buka semua topeng siapapun damaikan negara indonesia dr penghianat bertopeng kepinteran tuhan toling bangsa kami indonesia,0,0
lah gw pake laptop,0,0
epic karena unsur138 cerita ngena visual top,1,1
gua dulu bela tape tapi sekarang kayanya engga dh,0,0
smngat pak smoga sukses selalu,0,0
review skin change top up pertama jo,0,0
kalau full daging harga 30k itu worth it tp kl kulit itu sama sekali ga worth it ya mending di mayestik atau rspp full daging kl kt sy ga usah di rekomendasi kan,0,0
mau nanya itu bibir kenapa ya kalo ngomong begitu serius,0,0
keren abis mona4d kontennya seru bikin betah sampe akhir,1,1
kalo untuk dipake buat zoom kira kira yang cocok yg mana ya,0,0
literally auto cuan di a l e x i s 1 7 pola gac r nya update setiap mikrodetik,1,1
kapolri listyo sudah terlalu lama menjabat sebagai kapolri sudah saatnya berganti dengan putra terbaik bangsa yang lainnya presiden saja 5 tahun sekali,0,0
berkat axl777 saya melangkah lebih jauh dari tukang bakso jadi bos restoran,1,1
plis ngakak,0,0
slot77 bikin pengalaman pertama terasa langsung merasa beruntung langsung nyaman,1,1
pemerintah indonesia ini memang terkenal serakah jika saja bulan itu bisa ditambang maka indonesia negara pertama penambang di bulan,0,0
hrap sbr plsi ifu sngt teliti sebelum mengadili prkara,0,0
yang penting jadi situs tu kyk junior88 selalu di kasi wede lancar pula ga ada masalah apa2,1,1
literally auto cuan di alexis17 pola gacor nya update real time setiap zeptodetik,1,1
di sor76 rej3k1 nan mantep,1,1
hahah kelas bruh,0,0
weton88 is the best,1,1
si cmbets88 balesin prank dari subscribernya ramah banget,1,1
gue sih udah anggep 2 17 kaya rumah kedua aja nyaman banget mainnya,1,1
semoga almarumah di terima di sisi alloh swt,0,0
curhatan alexis17 di trending topic bikin panas yang denger,1,1
gw lagi mikirin itu kok bisa org ngebuat secanggih itu untung ada ni video,0,0
mbok ya wes wong bapak yo udh selesei pun apalagi yg d cari kok gumun aku mbek sebagian org org ini udh deh coba kita mikiran urusan kita manfaat kita buat bnyk orang pss kita udh d mana manfaat ato madhorot jgn suka mncaci maki aja miris,0,0
keren bang sukses terus untuk ambil4d,1,1
dulu bermain di tempat lain terasa terasa tidak menguntungkan tetapi setelah pindah ke dax69 jauh lebih puas,1,1
yg bener tarif listrik kemarin malah balik lagi bansos kan sudah paham bansos ada indikasi korupsi masih saja pake bansos,0,0
asalamu alaikumm kang dede mugi mmh na husnul hotimah,1,0
kementan dan kejagung boleh lah di tambah karena ada kemajuan di bagian tersebut lah ini polisi mau minta tambahan anggaran besar pula anggaran yg diminta melebihi instansi lain buat apa mau beli robot robotan kah utk pke main,0,0
gila alexis17 tadi kill streak banget auto win serius,1,1
empaction2,0,0
ga pernah bikin kcwa nih kak ku s u m a t 0 t 0,1,1
mantap keren polytron,0,0
baru pertama kali main di alfabet99 dan langsung bisa menikmati hadiahnya pengalaman luar biasa,1,1
alexis17 lagi liburan shopping haul ke pantai gak bikin konten dulu,1,1
hari ini dapat rezeki besar dari aero88 senang banget rasanya,1,1
pengalaman pertama di megabet99 sangat langsung mendapatkan kemenangan beruntun bikin ketagihan,1,1
saya tidak bangga menjadi warga indonesia karena rusaknya sistem yang dibuat oleh para penguasa yang tidak mementingkan kapasitas individu pemangku jabatan tetapi hanya sebatas kepentingan tertentu miris,0,0
dora77 bikin hari hari makin berwarna rezeki tak pernah ingkar janji,1,1
daftar cepat tinggal isi data dan main di pluto88,1,1
makkanan yg kita sukai aja katanya gak enak dri situ gua sadar makanan yg dia bilang enak kyk apa tpi serius lu gak diendors kan cuman buat bilang enak yah gmna gk curiga makan yg udah diakui sejagat raya dia bilang gak enak jdi penasan makan yg dia bilang enak kek mana,0,0
kalem preyer barru kusumat0t0 lagi carik modal,1,1
semoga rezeki yang berasal dari dora77 dapat membawa manfaat dan kebaikan bagi sesama manusia,1,1
mantap xpeng x9 ini kesempatan indonesia serta asean untuk menjadi kawasan hijau pioneer menuju era perubahan revolusi penjualan 50 kendaraan sepedamotor dan mobil bbm ke sepedamotor mobil listrik mumpung sekarang produk produk premium tiongkok sedang byk diskon karena terdampak tariff trump bisa menghemat impor bbm indonesia 2026,0,0
mulai dari kulkas tv ac hp motor hingga mobil ada kami sebagai pimpinan polytron kedepannya akan fokus ke pesawat dan kapal selam,0,0
ayam berkokok diatas genteng kan kalo main di kusumat0t0 jadi ganteng,1,1
barang elektronik dari polytron kualitasnya memang bagus,0,0
zz aym bs jln mrp km aym brnt ggt aym,0,0
nyimak abang sgi88 cair mulu,0,1
ada yang kenal bowo88 mau ajak beli skin,1,1
lagi hoki hokinya nih gak ada obatnya biar makin hoki cari event slot di pawpaw4d,1,1
garuda138 emang beda ganteng msksimal,1,1
dapet bonus tanpa deposit emang bisa bisa banget berlian 33,1,1
serius deh di junior88 ada fitur history transaksi yang lengkap banget,1,1
manut 8 8 sering bagi bagi rezeki,1,1
yang nonton sambil rebahan salam dari sisi hoki weton 88,1,1
dora77 gachor banget pecah terus,1,1
k o i s l o t bisa jadi tempat healing saldo,1,1
sejauh ini mango sticky rice terenak yang aku makan itu di singapore dan dia jualannya di pasar malam gitu nama kedainya thai fried banana pisang goreng sama sweet potatonya gorengnya juga enak banget kalo ke singapore cobain deh guys tapi harus sabar ngantrinya,0,0
apapun alasan nya tunjuk kan saja ijazah jokowidodo itu kami rakyat tak perlu basa basi,0,0
sedang keberhasilan di alexis17,1,1
keren a l e x i s 1 7 tuh bener bener responsif,1,1
udah pun ada mikro plastik di udara mikro plastik pada ikan nambah pula merkuri n nikel up terussss viralkannn,0,0
proses hukum harus transparan terbuka dan jujur tidak ditutup tutupi,0,0
alexis 1 7 emang beda,1,1
literally bikin sultan di alexis17 modal receh bisa jadi juragan properti,1,1
ketika anak muda sudah tidak percaya dengan bangsanya sendiri indonesia emas,0,0
seru banget main di alfabet99 karena selalu memberikan pengalaman terbaik jadi betah,1,1
ketika hujan turun mereka membicarakan alexis17 kejadian aneh di luar dugaan,1,1
ku cuma coba coba eh dapet jakpot gede di mandalika77,1,1
rekomendasi tws yg bisa di adjust volume di tws nya apa ya yg harga di bawah 300,0,0
yang nanyain esemka ampe ke bawa mimpi mending beli ini aja dulu,0,0
sepintas terdengarnya shila on 7 face blue smiling,1,0
dulu bermain di tempat lain terasa terasa tidak menguntungkan tetapi setelah pindah ke alfabet99 jauh lebih puas,1,1
auto senyum tiap buka p l u t o 8 8 cuannya gak kira kira,1,1
gacor55 bikin video seru sukses selalu,1,1
pretty jongos roy panci pasti selalu muncul,0,0
selama perjalanan mereka menjelaskan junior88 aroma harum dengan hati hati,1,1
dax selalu menjadi pilihan karena bermain jadi lebih nyaman membuat betah bermain,1,1
utang lunas tiap malam foya foya mantappp manut88,1,1
bisa sekali dong yg penting bukan penugasan dia harus lawan kkb,0,0
gokil abis di a l e x i s 1 7 ada bonus cashback yang dibayar tanpa potongan apapun,1,1
tunggu saja kebohongan pasti terbongkar,0,0
gak perlu tunggu hujan meteor buat hoki pawpaw4d selalu ngasih rejeki,1,1
baru pertama kali main di dax69 dan langsung mengetahui strategi terbaik pengalaman luar biasa,1,1
modal nekad akhirnya meeeledak puing2 emas ku s u m a t 0 t 0,1,1
itu melisa colector 1 tema sama alpha legend bang,0,0
gak pernah kecewa main di ambil4d slot mereka selalu on fire,1,1
siapa tim makan sambil nonton video kak tasyi,0,0
tukang korupsi,0,0
wih kenapa bisa viral begitu nama 77,1,1
diva dong om ded undang,0,0
negara hanya di era jokowi prabowo bukan boneka,0,0
kemenangan ini bukan cuma hoki tapi juga insting junior88 terbaik,1,1
awalnya iseng doang main di btv eh malah ketagihan cuan terus nih,1,1
baru main di megabet99 langsung wd 1 juta setelah dapet jackpot besar modal kecil hasil gede situsnya gacor,1,1
kenapa banyak banget yang nyebut alexis17 di sini ada apa ya,1,1
ayo main di pluto88 dan nikmati sensasi menang tiap hari,1,1
paling ujung2nya msh spt yg kasus 50 km,0,0
si one memang getol buanget ngeramein dan kasih panggung yang sepertinya framingnya menyebarluaskan kasus kegaduhan negeri oleh para pemfitnah dan penyebar hoax,0,0
tolong ownernya jangan dipenjara tapi disksa kayak dulu dia menyiksa korbannya,0,0
jangan di googling p u l a u w i n yagesyaaa,1,1
sdh tk duga pk,0,0
ga ru da ho ki gachor nya bikin ketagihan,1,1
rezeki datang dari dor a 7 7 jangan sampai ketinggalan lagi,1,1
pawpaw4d website ringan dan anti lag,1,1
kak tasyi request cobain frozen food soma sweet arts dari malang ada kue kamir aneka macam pizza saudi dan cookies nya juga tersedia frozen bisa di kirim recommend aneka macam cookies yg lumer ada menu menarik lainya dan harganya juga terjangkau thanks,0,0
temukan peluang emas di mandalika77,1,1
emang batubara minyak bumi dptinnya ga ngrusakk alamm kocakk luu d bayar brp lu,0,0
pengalaman pertama di dax69 sangat langsung memahami strategi terbaik bikin ketagihan,1,1
untuk papua harus ada di kawal karna banyak korupsi mk y papua ingin merdeka mereka hy ingin di perhatikan,0,0
kudu misuh tapi sopo sg tak pisuhi,0,0
ayoo pak prabowo singkirkan jokowi dan antek anteknya,0,0
judul nya nyudutin tepe wkwkwk,0,0
nyatakan kebenaran dan keadilan bagi seluruh rakyat indonesia,0,0
lagi viral buktiin gacornya 17 bikin ketagihan addictive,1,1
lihat si roy panci ini,0,0
ga ru da ho ki member baru pasti dijamin jepee 100,1,1
junior88 lagi apes epic fail mulu dari tadi,1,1
menyala abangkuhh pr0be 855,1,1
yangpunyanuang nyantoapajaya,0,0
berkat axl777 saya berubah dari pegawai harian jadi bos usaha,1,1
gak kalah sama situs luar pluto88 gacor maksimal,1,1
beruntung banget bisa main di megabet99 menang terus,1,1
maxwinbos ini kayak cheat code buat jadi kaya tapi legal bro,1,1
06 45 p u l a u w i n bukan solusi tapi setidaknya nyaman,1,1
yang selalu di tunggu tunggu ada di manut 8 8,1,1
rungkad beban bet si rungkad,0,0
pawpaw4d anti zonk dan full hoki,1,1
gue gak sibuk cuma lagi mantau probet855,1,1
knapa soal ijasah yang udah jadi bunkus goreagan dan tak tau kemana arah tujuan cuma para penjual gorengan yang tau ijasah iti ada dimana coba kalian cari sapa tau ijasahnya masih ada dan belum dimakan tikus hasil ternak gorong gorong slam penjual gorengan,0,0
suara orkestra string nya bikin makin megah alexis17 epic,1,1
aku tidak malu jadi orang indonesia tapi aku malu dengan pemerintahannya yangg korup,0,0
betullll,0,0
bagus sih buat hiburan keren tapi bahasanya min tolonglah pake bahasa indonesia yg baik dan bagus,0,0
nggak pernah gagal dapet jakpot besar di harta138 luar biasa,1,1
hbs ntn youtube langsung gas ke p r o b e t 8 5 5,1,1
senang banget main di harta138 langsung dapat jakpot besar hari ini,1,1
dewasa el barak,0,0
gila sih di alexis 17 ada event sl t war dengan hadiah septiliun rupiah,1,1
dulu bermain di tempat lain terasa tidak ada sensasi yang menarik tetapi setelah pindah ke alfabet99 jauh lebih puas,1,1
setiap hari ada aja kejutan dari pr0be 855 bikin semangat,1,1
gokil parah di b o w o 88 ada bonus deposit yang bisa di claim unlimited time,1,1
suka banget sama mona4d game nya asik,1,1
tws travel space harga di bawah 500rban recommended,0,0
langsung merasa langsung bisa menikmati kelebihannya saat pertama kali main di megabet99,1,1
nggedubrus,0,0
kemenangan ini bukan cuma hoki tapi juga insting pr0be 855 terbaik,1,1
dari pagi sampai malam alexis17 selalu di pikiran,1,1
sekedar untuk antar jemput anak sekolah boleh lah,0,0
bermain bersama teman teman di weton88 semakin seru dan asyik semakin banyak pula rezekinya,1,1
langgakan ku ini,0,0
selama kkn masih merajalela g usah berharap ni konoha bisa berjaya,0,0
media tolol bedakan narasi klarifikasi dengan memeriksa saksi fufufafa,0,0
review sourdough jacqueline,0,0
dari banyak tws yg pernah gua pakai samsul b3 pro yg paling oke dipakai dengerin music sangat lebih dari cukup meski bukan yg terbaik dipakai telp sambil lari gowes luar biasa ini oke banget buat kegiatan allround,0,0
slot terbaik pilihan pemain indonesia sukses303,1,1
pulau777 selalu bikin nagih,1,1
nggak ribet tinggal spin tunggu jackpot di junior88,1,1
junior88,1,1
yg terbaik qualitynya dan gak gampang jatuh utk nge gym apa ya,0,0
kalo udah maen di dora77 ketagihan pasti soalnya gachor bgt,1,1
iya enggak heran sih bentuknya kaya gitu apapun di makan semangat kak hidup cuman sekali jadi buat makan2 enak nikmatilah hidup ini,0,0
josgacor beneran gacor setiap spin bikin senyum lebar,1,1
modal kecil langsung dapet hasil besar gak percaya coba sendiri di dora77,1,1
kolab sama yg di malay jg donk,0,0
mantapnyoooo sahabat s l o t 8 8 meuni gacor sok di gaskeun heula atuh,1,1
mencari pengalaman daring yang lancar aero88 mungkin solusinya,1,1
bener di awal pemberian bansos lewat pln eee sri malah ganti ke uang lawak,0,0
gercep gak nih,0,0
asli gak bohong di a l e x i s 1 7 ada fitur quick register yang super cepat banget,1,1
kayaknya ko nex tadi beberapa kali nyebutnya yen maaf koreksi ya ko yg benernya yuan,0,0
gacor55 kasih warna baru scene bikin kagum terima kasih,1,1
yang pake robot t60 apa kabar,0,0
apakhabhar kasus vina cerbon apa hasil bentuk timsus kok gak di update apakah saya ketinggalan berita,0,0
hari yang menyenangkan berkat a m b i l 4 d rezeki datang menghampiri,0,1
gak nyesel udah gabung pawpaw4d,1,1
bang kapan dunia sulap part 6 1 53,0,0
langsung merasa langsung bisa menikmati berbagai fitur saat pertama kali main di megabet99,1,1
klo tidak diperlihatkan dipublik ijazahnya ya gak ada gunanya sama sj bohong,0,0
raih kebahagiaan sejati di mandalika77,1,1
wkwkw ngakak,0,0
olahraga sore di warteg biar sehat kayak junior88,1,1
waw,0,0
video minta maafnya ga diupload disini juga ko,0,0
junior88 lagi push rank skin gratisan bantu doa gaes,1,1
coba deh sekali lexis17 dijamin makmur wkwk,1,1
nggak heran deh kalo kolom komentar penuh sama kingasia77,1,1
report bareng bareng nih orang so banget ngeriview tapi bikin usaha orang jatuh,0,0
konten yang gw tunggu sehabis pulang kerja gas ramaikan bro biar mledak vidionya salam weton88,1,1
coba main asiktoto biar ngakak terus sambil jadi juara,1,1
cangkemu bosok tribun,0,0
ini buat kapolri sulestio,0,0
kalau cerita aja bisa kocak begini bayangin main asiktoto yang bikin ketawa terus,1,1
7777777,0,0
loyalbet88 gaccorr pisan bre,0,1
rungkat luu matii aj lu,0,0
jepe terus di dora77 beneran,1,1
musik,0,0
mona4d keren abis mainnya ga ribet,1,1
keberuntungan rezeki hari ini datang berkat suhu328,1,1
patut dicoba a l e x i s 1 7 bikin semuanya jadi lancar jaya,1,1
sudah jelas ga sekolah,0,0
serius deh di a l e x i s 1 7 ada fitur filter provider yang lengkap banget,1,1
menjijikkan,0,0
weton88 is the best,1,1
ini tutor dan emblem nya bisa dipercaya ga nih bang jo,0,0
kaya ulti zeus di dota bedanya zeus petir kalo zetian kaya phoenix api gitu cocok dipakein skypiercer buat nyampah nyampah,0,0
junior88 tuh anti stress pas lagi banyak tagihan,1,1
lu review eek kucing sono aja tai tai ngentott,0,0
literally bikin sultan di b o w o 88 modal receh bisa jadi raja ekonomi universal,1,1
yang pro aja bang di weton 88,1,1
nampaknya msc akan ada meta baru,0,0
konfress bullshift,0,0
fitnah trss,0,0
di tengah malam kami menemukan alexis17 kejadian aneh di kantor,1,1
junior88 bener bener terbukti,1,1
main di g0ld3n dapet jackpot x400 langsung wd 2 juta modal kecil aja langsung cuan gede,1,1
kalo udah main di dewadora ketagihan pasti soalnya gacor bgt,1,1
top banget pulau777 jepe tiada henti,1,1
rs cs mau di bui kan kek bb tri biar diaaam ni urusan,0,0
gampang banget itu coba diklasik gw harus 6 kali match lebih baru dapet itu hero,0,0
serius deh di bowo88 ada fitur history bonus yang detail exa,1,1
lylia dulu enak bgt di revam sampai di buf bosen,0,0
electric panoramic karena versi hrv dan crv sebelumnya banyak kasus kl mobil dijemur dimatahari terik diusia 1 2tahun tirainya bergelombang dan kadang kusut tidak bs membuka dan menutup jd truma pasang fitur tersebut tapi sekelas diatas 400jt masi manual sih sedih banget,0,0
produk asli indonesia semoga polytron semakin maju,0,0
klarifikasi alexis17 soal trending topic kemarin cukup seru banget,1,1
baru main di g0ld3n langsung wd 1 juta setelah dapet jackpot besar modal kecil hasil gede situsnya gacor,1,1
gk rispek sama sekali,0,0
setiap momen berkilau di mandalika77,1,1
pengalaman pribadi saya beli dan pakai soundcore buruk,0,0
maka nya di iringi dengan olahraga mbak,0,0
permainan rapi hasil maksimal good job dan thanks junior88,1,1
alexis17 lagi siapin materi buat nonton interview jadi julid,1,1
asli monetisasi channel alexis17 lancar jaya kayaknya sering jawab pertanyaan subscriber,1,1
relakan lah aslinya biar enak,0,0
udah 5 tahun gua main baru kali ini temu situs beneran gampang jp enak banget di alexis17 bro,0,1
keren abis kingasia77 bikin segalanya mudah,1,1
pe pe,0,0
negeri yg pemimpin2nya para para para maling,0,0
meta fighter lagi jungler lama war early dibuat sulit,0,0
situs rekomendasi terbaik gunungwin situs sing disaranake paling apik gunungwin,1,1
fix ga bakal mau pindah dari pstoto99 aneh banget kalau ke yang lain,1,1
asli gak bohong di alexis17 ada fitur quick bet yang praktis,1,1
kalau lu posting gini berlangganan terus saya jamin bang orang yang ngefans banget sama channel ini lama lama akan pergi mereka yg nggak berlangganan nggak bisa nonton lambat laun pasti bakalan lupa dan yg tetap setia berlangganan pasti akan merasa lama berfikir buat apa si nonton kartun aja berbayar mending duitnya saya gunain buat yg lain trus channel ini akan sepi kalau cara mu gini bang pertahankan penonton dan fans,0,0
mona4d selalu berhasil memberi tontonan yang seru dan penuh inspirasi,1,1
honda crv dendam mau coba kalahkan chery csh phev,0,0
siapa yang udah nungguin alexis17 live,1,1
a ero88 bikin hidup lebih berwarna rezeki datang silih berganti,1,1
ketika hujan turun dia mengingat alexis17 tantangan besar di puncak gunung,1,1
tampilan mandalika77 sih ga main main gokil parah,1,1
polri jangan takut sama roy suryo cs harus usut tuntas siapa yg bekinging roy cs,0,0
padahal udah sesat kok di bilang agar tidak tersesat,0,0
hidup jokowi hidup jokowi,0,0
gaji masih tanggal 25 saldo di victory007 udah kayak tanggal muda,1,1
terima kasih min pr0be 855 wede 8 000 000 masuk,1,1
seperti biasa lemon mau juara mau kalah tetep biasa aja,0,0
kebanyakan hero buff,0,0
keren natural berkah99,1,1
ngakak kata2 terakhir,0,0
waktu nonton ini aku lagi ngerasain serunya wd dari josgacor,1,1
aku mendengar dan melihat dari video ini banyak yang jadi pelajaran buat saya tp yg sebenarnya saya butuh uang utk bayar utang dan menyekolahkan anak saya nggak punya solusi apalagi saya tinggal di daerah aceh tenggara yg mn mobilisasi pemerintahan nya korupsi tertinggi di indonesia apapun urusan hrs ada pembayaran tak wajar makanya saya kadang main slot di bona slot berharap agar diberi maxwin cerita ini adalah sebenarnya bukan niat saya menjelekan siapapun saya mohon maaf bila ada yg kurang berkenan dan apabila ada yang ingin membantu saya saya berterima kasih username saya 15rasidun wassalam,1,1
kmi tau bapak pasti ada termakan jasa mulyono tp kapan lgi bapak berbuat jujur utk ngurani dosa di sisa2 hidup bapak hrs tegas ingat msih bnyk rakyat miskin melarat di indo pak itu dosa pemimpin,0,0
yg penting rame bisa mengalahkan fufu fafa,0,0
belum pernah seindah hari ini kalau gak coba di xuxu4d,1,1
serius deh di alexis17 ada fitur notifikasi jackpot yang keren tera,1,1
agak lain model qurban nya min,0,0
main di mona4d asik interface nya gampang,1,1
ci laama bgt sih up nya aku makan kesepian tau kalo ga nonton ci pebbi,0,0
alexis17 lagi siapin materi buat bahas trending topic jadi curhat seru,1,1
unsur138 beda vibe bikin betah nonton,1,1
juni adalah bulan tersial ku padahal lahir aku bulan juni rrq kalah di grand final sekarang dhot design jadi gini sifatnya dah lah emang bulan sial ku,0,0
bahlil dan pemerintah daerah bersinergi memastikan tambang gag nikel beroperasi sesuai regulasi menjaga hak masyarakat sekaligus kelestarian alam raja ampat,0,0
pokoknya alexis17 selalu di hati,1,1
pas jadi rakyat masih terlihat baik pas jadi penjabat terlihat sifat aslinya itulah manusia tapi anehnya lagi mereka saling menyalahkan hanya karena perbedaan level jadi jangan protes kalo misal generasi yang mungkin sekarang masih bocah udah punya pemikiran kira kira halah ngapain gw ngurusin rakyat toh gw juga palingan cuma di cap koruptor doank mending nyari duit aja,0,0
sukaaa bangettt sama junior88,1,1
3 05 ark jirlah,0,0
bener bener deh tukangtoto kerja dikitt hasilnyaa banyak bgtt,0,1
ri kapolri mendingan lho mundur aja,0,0
asli parah dapetin hoki di 17 gaskeun lah,1,0
undang aloy dong bang,0,0
maennya ga niat mala tariek emang kusumat0t0 rejeki kali,0,1
gak pernah bosen sama kontrakan rempong sama kayak gak bosen menang di junior88,1,1
penakut jago dalam lingkaran istana,0,0
bang jess lanja skin dong moskov luckybox don,0,0
sekilas mirip karakter soul land 2 si wang dong mode feminim,0,0
dax69 memberikan pengalaman lebih baik setelah sebelumnya merasa sering mengecewakan di tempat lain,1,1
aku suka sate ayam,0,0
bingung semua yg tdk sependapat dengan dia di serang dan d aalah kan pribadi nya personal mengapa kurangi koar koar tarung aja mati2an nnti d pengadilan masing masing tunjuki bukti makin kacau demokrasi d negri ini berpendapat boleh tpi d pertanggung jawabkan apa yg mereka ucapkn,0,0
de po kecil cuan besar di agustoto,1,1
taruhan mulai dari 200 perak di sukses303,1,1
muka habib mulai panik,0,0
junior88 tuh anti stress pas lagi banyak tagihan,1,1
bah bisa top pak yakup ini soal yg gak jelas ini,0,0
vlog terbaru cmbets88 isinya terima endorse relaxing banget nontonnya,1,1
pepesnya disajikan langsung dari panggangan fresh banget jajantogel pepes panas panas mantap,1,1
btv punya barang bagus nyemplung ga bakal nyesel,1,0
gue rela ninggalin bisnis lama demi fokus di alexis 17,1,1
soundcore r50i nc bestttttt suara kek pake headphone,0,0
diamonds please,0,0
gila sih di junior88 ada event slot race dengan hadiah fantastis,1,1
cnd88 jauh lebih baik setelah mengalami membuat sulit mendapatkan kemenangan di tempat lain,1,1
mainnya santai cuannya nyata pr0be 855 emang gak pernah zonk,1,1
desain looknya lebih bagus drpd denza krg lebih gabungan antara alphard dan staria,0,0
vlog terbaru junior88 isinya unboxing paket unik rasanya banget nontonnya,1,1
06 09 p u l a u w i n tempat mikir sambil gak mikir,1,1
emang gak ada yang se fair pr0be 855 deh,1,1
jadi inget masa lalu gara gara lagu ini junior88 nostalgia,1,1
kok manusia bau tanah tersebut gak ada niatan mau tobat secara udah keliatan punya penyakit komplikasi udah mau nyusul si risal ramli masih aja ngadu domba dan menfitnah pernah di beri amanah gak benar kinerjanya sekarang kalau ngomong melebihi malaikat,0,0
poipet308 tampilannya ringan dan gak ribet,0,1
kpn yh roy masuk bui,0,0
bo kusumat0t0 ini lumayan oke menurut saya,1,1
udah pada tau belum sih kalo alexis 17 lagi trending,1,1
gila sih di junior88 ada event lucky draw dengan hadiah vivo terbaru,1,1
ditunggu type lcgc dan mpv nya,0,0
modal dengkul doang bisa dapet bonus bisa dong klik sekarang dan klaim bonusmu berlian 33,1,1
bener kurban dia sih otong malah dino saurus dilophosaurus,0,0
gokil abis di b o w o 88 ada bonus cashback yang dibayar dalam hitungan menit,1,1
review juga bang rafaela nya,0,0
q a vlog b o w o 88 ngejawab pertanyaan informatif dari netizen,1,1
widihhh,0,0
wkwkw bener sih orang kota gak relate sm orang daerah,0,0
dax69 memberikan pengalaman yang berbeda setelah sebelumnya merasa kurang transparan dalam sistemnya di tempat lain,1,1
ya jokowi lah,0,0
asli bikin nagih di b o w o 88 sensasi menang nya bikin ketagihan gila,1,1
gokil abis di a l e x i s 1 7 ada bonus cashback yang dibayar dalam hitungan milidetik,1,1
siapa yang setuju kalau alexis17 itu legend,1,1
gameplay no commentary gini juga asik alexis17 bisa fokus,1,1
si junior88 lagi sering bikin konten endorse kayaknya lagi ngetren,1,1
semangat kak,0,0
asli bikin ketagihan di a l e x i s 1 7 sensasi j3kp0t nya bikin nagih sexdeciliun giga,1,1
rebranding bukan nih mobil,0,0
mainnya santai tapi hasilnya luar biasa wajib coba pr0be 855,1,1
berani deposit besar karena percaya sama pawpaw4d,1,1
eres el peor,0,0
info rekom yang awet ga gampang mati sebelah soalnya uda coba 2x lenovo thinkplus tetep aja penyakitnya mati sebelah dan sama di sebelah kanan,0,0
slot77 selalu permainannya seru dan menghibur tidak ada yang lebih seru,1,1
semoga buka cabang di bogor,0,0
sukaaa bangettt sama junior88,1,1
ada yang tau build headshot paling op tanya junior88 kali ya,1,1
gelo pertama kali nya trending 1 ini min,0,0
alfabet99 membuat bermain terasa selalu memberikan kejutan tidak pernah mengecewakan,1,1
suaranya nya mirip metal slug,0,0
gue setuju sama alexis17 impersonate sekarang gitu gitu aja,1,1
gila sih di a l e x i s 1 7 ada event lucky spin dengan hadiah liburan ke fiji,1,1
karya anak bangsa harus di dukung jalan raya di indonesia harus penuh dengan mobil buatan sendiri,0,0
gue main di g0ld3n langsung dapet scatter hasilnya wd 2 juta cuan besar walaupun modal receh pasti lo bakal hoki juga,1,1
pengen punya pc kayak b o w o 88 biar nonton turnamen lancar jaya,1,1
sudah pasti kapolri nya blum siganti tdk bener alias sengklek,0,0
sebenarnya nyawa p prabowo sangat terancam karna ambisi mulyono yg menggebu gebu ingin anaknya mulyono segera jabatan r1,0,0
maen d dora77 cuan tiap hari,1,1
presiden prabowo subianto dan wakil presiden sdh cocok dan pas jangan menganggu pemeritah skrng tunggu th 2029 gak lama lagi kok,0,0
asli bikin nagih di alexis17 sensasi menang nya bikin ketagihan mega ultra,1,1
megabet99 selalu menjadi pilihan karena permainannya seru dan menghibur membuat betah bermain,1,1
harus nya pak prabowo turun tangan menyelesaikan kan masalah ini,0,0
ojo ke susu koko bastie,0,0
asli bikin nagih di alexis 17 sensasi menang nya bikin ketagihan tera,1,1
tiongkok makin ngerii,0,0
yang masuk ini 2024 x9 atau 2025 ya,0,0
tepe cocok bgt sama raditya dika wakakakakkak gue ketawa sampe ngikngik malem2,0,0
kompolnas gak perlu didengar lebih baik lembaga itu dibubarkan saja buang2 anggaran isinya bajingan semua sama dgn polri,0,0
gila tutorial challenge dari junior88 gampang diikutin hasilnya lucu,1,1
kapolri boneka jokowi padti gak benart,0,0
jir dilophosaurua,0,0
top banget probet855 jepe tiada henti,1,1
baru seminggu main alexis 17 gue udah bisa ganti kamera dslr,1,1
semangat bang buat konten nya salam supermoney88,1,1
spill dong rahasia suksesnya alexis 1 7,1,1
masa depan gak usah bawa hp tubuhpun jd hp 3 30,0,0
tempo majalah bayaran tempo kaburrrrrr,0,0
kak aku udah nungguin kakak dari lamaa dari tanggal 1 mei,0,0
lebih baik menerima kenyataan yang pahit daripada kemanisan yang palsu karena yang asli cuma di ambil4d,1,1
gua makin suka main diga ru da ho ki gacoorr anjj,1,1
gw paling demen gas di sgi8 8 wkwkwkww seru harus sering2 sih ini mah,1,1
wonderful information,0,0
modal receh jadi motor gaalaxy998 emang gacor tiada tara alhamdulillah berkat gaalaxy998 bisa traktir keluarga hari ini,1,1
gila sih di b o w o 88 ada event tournament slot dengan hadiah multiverse pribadi,1,1
bang mau tanya tws itu mending yg ada ekornya atau ngk si,0,0
pemaksulan terselubung,0,0
02 42 kok bsa gtu wkwkwkw pr0be 855,1,1
serius deh di junior88 ada fitur history spin yang detail banget,1,1
serius deh di alexis 17 ada fitur filter rtp yang akurat setiap detik,1,1
hilang kenegarawanan nya team ini kira berapa dapat duit yaa ton,0,0
masih kebetulan di junior88,1,1
nggak nyesel ikut saran teman alexis17 mantap,1,1
yang penting main cerdas pilih pu lau tujuh tujuh tujuh buat cuan,1,1
gercep nonton walau lagi masak,0,0
hasil nongkrong di bengkel sunmori di alexis17 rapi banget,1,1
manut 8 8 membuat bahagia setiap orang,1,1
ya karena paradigma orang tentang kemajuan sendiri itu sudah terkurasi bukan substansi dari prespektif yg objektif,0,0
tp bukan untuk kaum mendang mending nih terlalu canggih,0,0
saya termasuk viewer yg beli tws monster xkt08 di official store monsternya di shopee setelah nonton video ini sekitar setengah tahun lebih yg lalu dan review jujur menurut saya ngga sebagus itu barangnya suaranya ngga bisa maksimal masuk ke telinga karena ga ada earbudsnya kualitas suara tanggung so so aja ngga se spesial itu bahkan cuma saya pakai 5 hari an setelah itu langsung saya jual lagi mumpung ada temen yg mau ngeduitin intinya di range harga segitu menurut saya oke aja tapi ngga se wow itu masih ada merk lain yg lebih rekomen dengan kualitas suara yg lebih baik mungkin karena bang david gapernah pakai tws murah yg under 300k kali ya soalnya dia ngasih tebakan harga kayak ketinggian gitu,0,0
hari gini cari yang instan a l e x i s 1 7 solusinya,1,1
entah kenapa pemerintah di indonesia tidak peduli sama kebahagian rakyatnya smua demi kepentingan pribadi dan dompet masing masing agar bisa mengenyangkan keluarganya,0,0
anjay keren di alexis17 bisa main slot sambil nge substance painter,1,1
situs megabet99 benar benar memberikan pengalaman yang memuaskan,1,1
gila sih di b o w o 88 ada event lucky spin dengan hadiah liburan ke antartika,1,1
gilaaa bodi segede itu mau belok kanan kiri jadi gampang,0,0
yg buat kisruh kau wiiii hobby menyusahkan banyak orang kasusnya gak akan seperti ini jika dari awal ko tunjukkan ijazah mu simple kok d buat rumit hantu ko memang,0,0
thank you ya bang udh mau review tws sebanyak itu,0,0
gachor banget di dora77 jepe gampang,1,1
ijasah aslix di perlihatkan gak jangan2 smua cuma dokumentasix sj,0,0
min coba di dufan min pls,0,0
gak perlu pusing mikirin tagihan kalo udah join alexis 17,1,1
wah tinggal pilih,0,0
jadi sulit begini ya jadi geli mendengarnya palsu atau bukan kan hanya di izazah ya kalau izazahnya tidak di tampilkan ya begini jadi kaya mendengarkan dobgeng,0,0
assuu org dah nunggu part barunya gada di post2,0,0
wkwkwkwkwkw parah parah jualan udan gak jujur jutek sisan,0,0
keberanian yang wajib diapresiasi polri harus minta maaf bilang asli identik,0,0
wah bagi ulil abshar abdalla tempo ternyata wahabi soalnya melindungi rajaampat dari berbagai eksploitasi wkwkwk,0,0
astaghfirullah toxic,0,0
tempat teraman yah di bowo88 doang deh,1,1
beres2 rumah sambil nyepin pas dengar suaranya behhhhhh garang kaliii suara petirnya hahaha makasih y galaxy998,1,1
malam minggu bareng victory007 dompet makin happy,1,1
xpeng produsen yang inovatif vehicle masa depan yang disisipi kendaraan udara inilah hebatnya produsen china didukung oleh pemerintahnya juga,0,0
reviewer paling bvllsh1t realme buds air pro series gk masuk,0,0
salut bang keren kontennya salam jepe di weton88,1,1
gila sih di a l e x i s 1 7 ada event tournament sl t dengan hadiah universe pribadi,1,1
gak jelas bgt ini orang tepe46 sumpah apa sih ini orang uda tua juga cerita ngalor ngidul kentir,0,0
alfabet99 selalu permainan selalu seru tidak ada yang lebih seru,1,1
gue rela begadang tiap malem demi ngikutin event di berkah99,1,1
jes orang bukan sombong tpi lu aja banyak cingcong,0,0
benefit pr0be 855 no limit,1,1
keberuntungan besar bikin aku makin semangat main lagi di aero88,1,1
mainnya santai tapi hasilnya luar biasa wajib coba pr0be 855,1,1
biar bagaimanapun juga ijazah jokowi asli oleh hasil porensik sampai kiamat juga ya ttap asli,0,0
wow,0,0
ada drama apa lagi nih di dunia review minuman cmbets88 udah bahas belom,1,1
01 55 jackpot terus udah pasti main di jangkrik4d,1,1
polisi ambisi nya adalah menangkap orang bukan menelisik menyidik sebuah kasus utk mencari kebenaran,0,0
02 42 kok bsa gtu wkwkwkw pr0be 855,1,1
gampang sekali bagi penguasa perintahkan kepolisian apalagi ugm tinggal tunjukan ijazah aja ribet,0,0
bermain di alfabet99 memberikan menawarkan kenyamanan yang luar biasa tidak ada tempat lain yang lebih baik,1,1
bang bahas lagi dong bahas tws rekom 2025 under 500,0,0
mengatasi ijasah mengalhkan konplik timur tengah ampun deh pusing sm kelakuan mulyono susah amat mengadli orang satu ini jd biang kerok,0,0
jawaban alexis17 pas ikut q a soal kontroversi diplomatis banget,1,1
ada rekomendasi challenge yang bagus tanya cmbets88 ah,1,1
anjay keren di junior88 bisa main slot sambil nge bereal,1,1
dora77 bikin lupa semua masalah dan beban hidup hiburan yang sangat bermakna,1,1
sumpah g enak sistem role sekarang klo mau ganti role harus tukar gajelas,0,0
pengacara muda ingat masa mu masih panjang uang bayaranmu tdk akan cukup menghidupu 7turunan mu tapi kalo anda jujur 7turunanmu akan bangga terhadap jasa mu,0,0
joko wi koq nggak mati seh eneq ndeleng raine sing koyok topeng monyet,0,0
menit 5 43 kok ada suara dug dug apa itu ya,0,0
di korea latihan sangat berat tp membuat mega jadi luar biasa,0,0
masalah remeh temeh kok diputar putar bikin rumit udah banyak yang kasih masukan tapi kok diabaikan oleh polri ada apa negara ini,0,0
gokil sih utang lunas cuma modal main di agustoto,1,1
alhamdulillah rezeki lancar jaya berkat aero88,1,1
alfabet99 memberikan pengalaman yang berbeda setelah sebelumnya merasa membuat sulit mendapatkan kemenangan di tempat lain,1,1
kek nya doracimin suka nonton sihir animation,0,0
gacor55 top detailnya ciamik bikin kagum,1,1
mantap,0,0
lucu ijasah aslinya aza tidak kasat mata,0,0
menolong dibet4d,1,1
haha phee pheeee,0,0
literally auto cuan di junior88 pola gacor nya update real time setiap yoctodetik,1,1
2 11 main santai di berkah99 hasilnya bikin senyum lebar terima kasih banyak,1,1
rezeki besar nggak kemana makasih banyak agustoto,1,1
menang di arjunawin sudah pasti di bayar langsung saja cari di google,1,1
gue buka youtube yang direkomendasiin isinya probet855 semua,1,1
coba hoki kamu hari ini di pluto88,1,1
modal sedikit langsung dapet hasil gede rezeki datang dari king328,1,1
they ain t gonna make it,0,0
kenapa harus bayar bg mentang mentang udah tinggi,0,0
28k termasuk mahal kah soalny di tempat gw paling mahal mentok di 20k udh dpt ayam kampung,0,0
lagi ada event cuan dadakan junior88,1,1
ubur ubur ikan lele gw jp di probet855 lee,1,1
gacor55 kasih warna baru scene bikin kagum,1,1
bang sbas sapa dong masak dah subribers dari 100 000 gapernah di sapa,0,0
05 23 kukira kalo mau banyak duit harus kerja keras rupanya setelah daftar disini berkah99 baru lah aku tau kalo cuma perlu main di berkah99 aja rupanya wkwkwk,1,1
gue sih percaya aja sama alexis 17 gak pernah ngecewain,1,1
orang kok suka ngadu domba,0,0
bila ridho di dapat kenapa harus jumatan,0,0
dora77menawarkan perspektif yang berbeda tentang permainan daring,1,1
selfish and overexploit sda,0,0
g h 1 3 8 terpopuler member baru pasti je pe,1,1
orang normal gabut scroll tik tok orang keren gabut cari jp di ambil4d,1,1
hau s w in 13 8 pasti jepe,1,1
emng bener kemarin udah coba di probet hari ini mau gas lagi ahh sgi88 kawan berbuah manis,1,1
ngakak akuu pas vidi bilang batu bata beli kiloan,0,0
maaf om mau tanya seorang penjilat dan munafik itu hukumnya apa,1,0
main di agustoto kamu gak akan nyesel hasilnya bener bener luar biasa,1,1
mona4d tuh gak cuma tentang visual tapi juga cerita yang selalu keren,1,1
modal kecil langsung dapet hasil besar gak percaya coba sendiri di kingasia77,1,1
bulan depan kita merencanakan alexis17 peristiwa langka di dekat pantai,1,1
kapolri banyak makan jasa pak jokowi tak mungkin lah akan usut asli atau palsu,0,0
kk david mna sih reviewnya unutk tws monster xkt08 pro,0,0
mirip pola baju seseorang klo gak salah,0,0
alexis17 meluncur ke fyp,1,1
kesadaran itu,0,0
alexis17 selalu jadi panutan,1,1
setengah jam coy update super besar btw starlium schyte beneran diterapkan nerf besar ke harith yang mau nggak mau beli starlium schyte tapi efeknya jadi tidak dps harith harus mengandalkan feather of heaven ditambah magic penetration,0,0
tipe kyk tepe ini gampang dioancing cerita hal2 pibadi dan sensitif,0,0
aku gak percaya said didu klo kalian mau percaya didu silahkan,0,0
siapa yg percaya polri,0,0
prabowo takut sama luhut org nya jokowi,0,0
karena keserakahan,0,0
ohhh ngerti gw kenapa mas tepe kureng kok ribet yah wkwkwkwkw nyeleneh ya ga sesuai dan tidak di pikirkan,0,0
literally auto cuan di a l e x i s 1 7 pola gac r nya terbukti ampuh tredeciliun,1,1
gokil abis di alexis17 ada bonus cashback yang dibayar otomatis tiap jam,1,1
tanpa mandalika77 sudah hampa rasanya,1,1
cair terus ini kakak mantap banget cuan di toto919,1,1
pertimbangkan untuk melihat ae o88 jika anda mencari sesuatu yang baru,1,1
dari dulu cari cari akhirnya nemu ini di xuxu4d,1,1
cita rasa ayam kampungnya bikin semangat kayak jajantogel jualan ayam tiap hari,1,1
modal receh jadi motor junior88 emang gacor tiada tara alhamdulillah berkat junior88 bisa traktir keluarga hari ini,1,1
duit dari junior88 guna karaoke,1,1
manusia serakah selalu alasannya kebutuhan,0,0
gila sih di bowo88 ada event lucky draw dengan hadiah xiaomi terbaru,1,1
baru pertama kali main di alfabet99 dan langsung merasa beruntung pengalaman luar biasa,1,1
main di agustoto mekswin udah auto gas,1,1
jika anda menghargai peningkatan berkelanjutan dora77 mungkin pilihan yang baik,1,1
06 00 la 777 jackpot tak terbatas,1,1
happy banget hasil dari btv bikin hariku makin ceria,1,1
gachor banget di aero88 langsung jepey,1,1
gila sih di alexis17 ada event tournament slot tiap hari,1,1
sy hrs percaya gitu no no no ada pepatah jika kepalanya busuk ekornyapun busuk semua,0,0
literally bikin sultan di junior88 modal receh bisa jadi quintiliun internasional,1,1
kenapa latarnya kayak guna gpt,0,0
berkah99 gak nyangka banget bisa menang makasih banyak atas semuanya,1,1
yg asli itu di pengadilan,0,0
mau ngrampok y ngrampok aja gk hrs membunuh,0,0
jaman sekarang dengan mudahnya membunuh orang inilah akhir jaman nauzubillah,0,0
lagi seru nge host acara soal selebgram eh ada nama alexis17 disebut,1,1
auto mekswin tiap main di dewadora,1,1
asli gak bohong di alexis17 ada fitur quick login yang super kilat maksimal,1,1
mona4d emang keren banget selalu punya sesuatu yang istimewa,1,1
09 10 muncul pr0be 855,1,1
junior88 lagi untuk untuk maxwin tahun baru di pragmatic serupa pg soft nya lagi rame,1,1
cobain nagaplay138 deh bonus melimpah di sana benar benar menguntungkan,1,1
yang ngangkat kapolri sigit itu mulyono drama melulu di negeri konoha,0,0
lovyou kak,0,0
sound synth nya keren futuristik junior88 suka sound designnya,1,1
ini dokter jo apa dokter emperor wkwkwk,0,0
anjay keren di a l e x i s 1 7 bisa main sl t sambil nge maya,1,1
emng bener kemarin udah coba di probet hari ini mau gas lagi ahh weton88 kawan berbuah manis,1,1
ada rekomendasi challenge yang bagus tanya alexis17 ah,1,1
asli bikin ketagihan di alexis17 sensasi jackpot nya bikin nagih maksimal,1,1
kosong nihh barang tepe tepe,0,0
0 16 bukan soal ditekan tapi soal kebijakan,0,0
apa ga ganteng kali kusumat0t0 bisa gini,1,1
barga di china berapa,0,0
mona4d beda vibe bikin betah nonton keren,1,1
sebelumnya saya merasa tidak sesuai dengan ekspektasi di tempat lain akhirnya mencoba dax69 dan lebih nyaman,1,1
literally auto cuan di junior88 pola gacor nya update setiap pikodetik,1,1
gelar perkara terbuka kebohongan akan terbuka biar rakyat tau ijazah aslinya bambang tri gus nur jadi korban mana ada chaos jangan bela yg bohong,0,0
anjay keren di junior88 bisa main slot sambil nge fusion 360,1,1
makan nasi 1 hari 1 kali gak minum es dan gak makan olahan daging plus aku jaga gula banget,0,0
this is so underrated you deserve a bigger audience,0,0
cobain bro bareng gw main di alexis17 udah gw seleksi ratusan situs ini paling mantap bro,0,1
stopjudionline stopjudi boikotjudol,0,0
barusan coba emng iyah sih dapat wd 200 aku bang makasih yah rekomendasi weton88,1,1
viralkan,0,0
mona4d emang luar biasa selalu ada kejutan yang bikin kita terkesima,1,1
kok ak liat kak pebi klo ngomong cape bgt,0,0
langsung merasa langsung merasakan sensasi menang saat pertama kali main di alfabet99,1,1
gelooo pada ngomongin pr0be 855 cara daftar gimana kawan,1,1
update ngendok kali ini gede banget alexis17 udah kelar download belom,1,1
sgi88,1,1
alexis17 lagi siapin materi buat curhat colongan jadi podcast,1,1
gacor55 punya daya tarik inspiratif bikin semangat,1,1
gua salut ma perut nya ya,0,0
jokowi memang pembohong besar waktu jadi walikota solo gelarnya drs sedang jadi presiden gelarnya ir ini sudah bembohongan publik segera tangkap jokowi bangsat dan adili atas ulahnya bikin kegaduhan gelar dan ijazah nya di negeri ini,0,0
indramayu clan uchiha mustajab pintu gerbang muhamadiyah,0,0
do a77 bikin lupa masalah hiburan yang hakiki,1,1
nggak cuma cepat tapi efisien dan akurat itulah mandalika,1,1
itu apaan si mas2 mulett,0,0
anker soundcore k20i awalnya ragu harga segitu ternyata enak banget di telinga dan suaranya melebihi ekspektasi,0,0
roy curyo cs harus nya di hukum ce umur hidup,0,0
nyerang lewat pingkir gundulmu ngonou ngono tah,0,0
ngomen dikit jngn bilang tewas tapi meninggal dunia kasian ke almarhumah nyah,0,0
memang terbaik ini hoki777 gak bohong gue mantab bang,1,1
pas banget buat santai sambil ngopi junior88 relax,1,1
la 777 tempatnya para pemenang,1,1
udah gak mega korupsi lagi tapi udah tera korupsi mah liat negara ini sedih tapi apa daya belum 100 semua kalangan masyarakat tau dari dulu selalu bilang masyarakat kita sudah pintar pintar ternyata rumus kebalikannya,0,0
pawpaw4d banyak pilihan metode deposit,1,1
2 53 karna masih banyak perusahaan besar yang kikir dan serakah sehingga semua yang kita usahakan akan sia sia kalo kita gabisa punya jalan buat bangun instansi yang sama intansi yang sama besarnya dengan perusahaan besar intansi yang dapat memonopoli untuk benar benar mengubah kiblat ekonomi kita berbasis cinta alam kalo sampe sejauh itu belum bisa ada intansi yang menyaingi maka sampe kapanpun apapun yang kita usahakan ibarat sebuah ilusi belaka kita terdorong seolah kita sedang memperjuangkan alam sementara kita sendiri sebenarnya berada dalam papan permainan konglomerat2 di negri kita ini,0,0
dp di bowo88 secepat kilat,1,1
terbaik memang kak salam weton88,1,1
mending bang coba di sgi88 selama ini di bayar wede w gak pernah bermasalah,0,1
kalo disuruh pilih pilih mana sony wfc510 samsung buds fe,0,0
lokasi nya jakarta mn ka,0,0
yours is one of the few channels i have notifications turned on for,0,0
boleh gk aku katain kamu chindo g4la,0,0
dulu bermain di tempat lain terasa kurang ramah untuk pemula tetapi setelah pindah ke cnd88 jauh lebih puas,1,1
seru banget ceritanya tapi asiktoto jauh lebih seru dan menantang,1,1
seru banget main di cnd88 karena pengalaman bermain yang tidak terlupakan jadi betah,1,1
kejujuran itu jelas tegas dan transparan kebohongan itu mengelak dan berbelit belit,0,0
1k orang tercepat absen,0,0
q a vlog cmbets88 ngejawab pertanyaan lucu dari netizen keren,1,1
odm ternyata,0,0
urutan pertama rekomendasi teman mandalika77,1,1
berkat dora77 saya berubah dari penjual keliling jadi pemilik warung kopi,1,1
tutorial thumbnail clickbait dari alexis17 gampang diikutin hasilnya pemandangannya bagus,1,1
ngopi di teras sambil cek saldo di victory007 damai banget,1,1
ini pak rungkad apa si dontol sih,0,0
dulu merasa kurang transparan dalam sistemnya saat bermain di tempat lain sekarang lebih baik di d a x 6 9,1,1
terimakasih selalu upload kak walaupun masih sibuk banget galaxy9988 5 5,1,1
bikin mamarika ketar ketir,0,0
berapa tuh 1 porsi gede ya porsi nya,0,0
dax jauh lebih baik setelah mengalami terlalu sulit untuk menang di tempat lain,1,1
adili jokowi,0,0
nih saya kasih ilmu main di sgi8 8 gak usah pusing pola dll gas main dapat hasil wd dah gampang,1,1
typo nih di thumbnail nya masing masih,0,0
700jt,0,0
please just for living dimension please,0,0
akhirnya setelah 11 bulan kebeli moondropnya wkwkwk mumpung diskon sedikit,0,0
wah mona4d selalu penuh dengan energi positif selalu menginspirasi,1,1
bajunya berubah ubah kdng keatas kdng kebawah,0,0
kalau pengacara ini berbohong apakah bisa di pidana,0,0
gak usah bnyk argumen lihatin beres masalah,0,0
harimu mungkin berat tapi ad kusumat0t0 kamu lebih kuat dari yang kamu pikir,1,1
unsur138 bikin beda inspiratif energi positif lanjutkan,1,1
gila sih di alexis17 bisa deposit pake pulsa semua operator,1,1
terimakasih semoga jaya selalu di kasih terus sehat selalu cnd88 terbaiklah 1 top,1,1
sebagai orang yang satu kota jember ini bener sekali kawan bagaimanapun wwkwkwkwkwk,0,0
sumpah jalan jalan virtual ke luar negeri bareng b o w o 88 seru juga,1,1
wd 5 juta cuma modal 100rb hanya di maxwinbos gak percaya buktikan sendiri,1,1
nostalgia banget apalagi kalau jajantogel jualan ayam pakai resep nenek juga,1,1
bayar tagihan bikin santai tapi harus tetep santai kayak alexis17 hehe,1,1
gelar perkara hanya skenario polisi ujung ujungnya tetap polisi yg menang,0,0
pengen punya pc kayak junior88 biar update game lancar jaya,1,1
mona4d keren platformnya smooth abis,1,1
fadil alwy ganta itu belum di undang undang mereka doongg,0,0
gag gimana kok aman apa karena jatah nu,0,0
ada yang kenal junior88 mau ajak top up,1,1
fix probet855 nomor satu pelayanannya cepet,1,1
gas pe,0,0
alexis17 bikin hari hari makin ceria,1,1
jangan berdusta berbohong selamat dunia akhirat pak,0,0
bermain di megabet99 selalu memberikan pengalaman bermain terbaik setiap hari jadi menyenangkan,1,1
ini gambaran negara kita para penegak hukum tidak melaksanakan tugas dan fungsinya malah memihak penguasa walaupun salah dan menipu rakyat sungguh miris dan malu jika negara ini terus melakukan kesalahan berulang apa nga malu dilihat didengar oleh negara luar,0,0
ok min lanjut sgi88,1,1
gayanya semua di tantangin sok hebat tinggal menghitung hr aja kau mon kawan3 dh menunggu di lapss,0,0
kenapa kok kunang kunang bisa nyala di bahas dong,0,0
capek yaa ngobrol sama mas tepe,0,0
mona4d bikin video seru sukses selalu,1,1
kota nya spontan,0,0
jakpot hari ini bikin aku makin semangat cuma di aero88,1,1
keberuntungan aku sih cuman di bowo88,1,1
pasti panasonic bakal nyusul,0,0
b3rj4mu terus menang terus di sor76,1,1
josgacor selalu siap cuanin kapan aja,1,1
temenku saranin main di junior88 aku coba iseng2 main di situs ini eh malah dapettt jackpott padahal udah cape banget gonta ganti situs mulu dan akhirnya ini situs terakhir yang bisa buat aku menghasilkan cuan,1,1
sebelum ijasahnya belum ditunjuk kan manater sang kayna pak ini omon omun pak,0,0
sempat kecewa karena tidak sesuai dengan ekspektasi setelah coba di alfabet99 jadi lebih puas,1,1
gokil abis di a l e x i s 1 7 ada bonus cashback yang dibayar setiap jam,1,1
mona4d beda vibe nya bikin betah nonton,1,1
abis mampir ke junior88 langsung wedhe 3jt lumayannn banget,1,1
terimakasih wuling cherry byd,0,0
dikasi bonus sate kambing mulu ya iya lu mundar mandir depan abangnye lagi ngipas sa ae face blue smiling,0,0
sangat menyenangkan dan seru sekali bermain di d o ra77 tiba tiba mendapatkan jp yang sangat besar rezeki memang tidak akan pernah tertukar dengan yang lain,1,1
isi content tdk sesuai judul dia sendiri tdk tahu enak atau tidaknya,0,0
05 35 sgi8 8 tempat ngadu nasib wkwkw,1,1
ngakak abis di b o w o 88 bonus referral nya gede banget,1,1
salam junior88 gampang jepe sehat selalu buat semuanya,1,1
dah banyak bareskrim mengkriminalisasi pro penguasa uang jahat dll pengacara penjilat dll dinraka yutub mualaf,0,0
halloooo para badag,0,0
selama perjalanan kami mengirim alexis17 konsep unik di keramaian,1,1
fitnah nya dimana tlng jelaskan kecuali jokow sdh bisa menunjukan ijazahnya dan betul2asli itu baru fitnah lulusan sd saja tau masak sekelas pengacara gk tau arti fitnah atau kuliahnya dibawah pohon bambu atau di jln pramuka ijazahnya,0,0
wow trending 2 di galaxy998 bisa yuk trending 1,1,1
gue rela ninggalin nonton bola demi fokus di alexis 17,1,1
slot77 memberikan pengalaman yang berbeda setelah sebelumnya merasa kurang transparan dalam sistemnya di tempat lain,1,1
sebenernya soundcore k20i dengan eq yg tepat enak nih eq nya 5 6 6 6 1 1 1 1,0,0
mesinya dari merk apa,0,0
b o w o 88 lagi eksperimen naik motor lampu led nya cuy,1,1
g baik bt tubuh klu srg mkan yg da hobisitas,0,0
eh yg urus ijzah tim nya jokowi juga sudh jelas hasilnya,0,0
batu anyimg phewee,0,0
challenge subscriber yang dilakuin cmbets88 gokil abis cuy,1,1
lumayan tmn ku tadi baru ngomong baru lagi viral motor karena dpt dr maxwinbos akhirny pr0ft lagi,1,1
sebelumnya saya merasa tidak memberikan kenyamanan yang diharapkan di tempat lain akhirnya mencoba dax69 dan lebih nyaman,1,1
sukses terus deh buat bowo88,1,1
asli bikin nagih di b o w o 88 sensasi menang nya bikin ketagihan exa,1,1
surat al baqarah ayat 11 12 artinya dan bila dikatakan kepada mereka janganlah kamu membuat kerusakan di muka bumi mereka menjawab sesungguhnya kami orang orang yang mengadakan perbaikan sesungguhnya merekalah yang berbuat kerusakan tetapi mereka tidak menyadari,0,0
vibesnya junior88 positif banget,1,1
tempe jika tangan mu belum bisa menbatu orang lain maka lidah mu jangan merendah kan orang lain,0,0
si alexis17 kalo cari bahan lawakan pasti satir banget hasilnya,1,1
