token,Mean_Abs_SHAP,Mean_SHAP,Frequency
88,0.09491048413329554,0.09491048413329554,71
17,0.05157869392337567,0.051578693923370465,48
77,0.02019573181373562,0.02019573181373562,18
alex,0.01610212010467876,0.01610212010467876,45
99,0.015633901908551708,0.015633901908551708,18
4,0.013399091539347903,0.013394278621530208,22
7,0.012240538519341615,0.01222933680063591,21
is,0.012107973173631763,0.012107973173631763,46
777,0.011974346504204732,0.011974346504204732,8
junior,0.011674333844566717,0.011674333844566717,28
8,0.009172795028135167,0.009172795028135167,15
o,0.008901281764923016,0.008901275695042688,43
bet,0.008555317551199551,0.008490469831533119,18
a,0.00843776438970672,0.008426913893916938,54
0,0.005812234653816685,0.005812234653816685,17
s,0.005431660553534528,0.005417581735292117,39
i,0.005186276389147477,0.005186171989300136,34
69,0.005005592053210421,0.005005592053210421,7
55,0.004988170296594035,0.004988170296594035,5
gacor,0.00465848553289834,0.00465848553289834,5
di,0.004365339534472905,0.0025544642203553704,175
u,0.004199105443429585,0.004184777060476631,28
1,0.003842904834701142,0.0038270829936604854,17
w,0.003732426364228699,0.003729861439059418,28
85,0.0036817016783588768,0.0036817016783588768,7
to,0.0035958177529428212,0.0035958177529428212,5
da,0.003570016241346301,0.0035698073664266953,9
t,0.003546962708361267,0.003544760162265326,29
berkah,0.003482334356434876,0.0034702383078983987,5
x,0.0034477511776573057,0.0034352583026162438,30
ada,0.003203113532171768,0.003070229261184145,59
asia,0.0030244604472463832,0.0030244604472463832,5
d,0.0028642026557659296,0.0023931773944625727,33
toto,0.002836851674321224,0.002836851674321224,3
138,0.002819030943829335,0.002819030943829335,4
et,0.0027872930331395763,0.0027838754168005835,11
main,0.0027408028109748555,0.002728782760375907,39
win,0.0025823184501423384,0.0025823184501423384,4
dib,0.0025329490443109534,0.0025329490443109534,5
dora,0.0024273542787595945,0.0024273542787595945,6
agust,0.0024036858443796517,0.0024036858443796517,2
bonus,0.002398995577106689,0.002398995577106689,12
ambil,0.002357922430870531,0.002357922430870531,3
5,0.0023107530300098674,0.0022886770877462606,9
suhu,0.002291165912167344,0.002291165912167344,3
32,0.0020123960630662623,0.0020123960630662623,3
e,0.001982256610005282,0.0019813045418152885,43
bos,0.0018592566554361837,0.0018224947478811373,4
dewa,0.0017676193712832173,0.0017676193712832173,3
m,0.0017117192498834603,0.0017117018489342418,13
slot,0.0017053660095152736,0.0017053660095152736,8
mon,0.0016867003973129614,0.0016759244927779947,11
pulau,0.0016559649201344049,0.001655953974422179,7
selalu,0.0014967291491049459,0.0014668114295792898,25
tujuh,0.0014915131438319805,0.0014915131438319805,1
oto,0.0014862283712500357,0.0014862283712500357,2
jp,0.001411456879133766,0.001411456879133766,9
91,0.001379585221497109,0.001379585221497109,3
on,0.0013663688464441899,0.0013663688464441899,11
pa,0.0013351982871499786,0.0013351982871499786,4
alfa,0.0012695064125655335,0.0012695064125655335,8
king,0.0012226972852658947,0.0012226972852658947,4
harta,0.0011972532214131206,0.0011972532214131206,2
303,0.0011808031998516526,0.0011808031998516526,1
modal,0.001164545312372166,0.001164545312372166,10
9,0.0010747575387879658,0.0010747575387783548,8
ga,0.0010548486648296863,0.001017023676649634,25
y,0.001041037236262199,0.00017287334622189649,21
max,0.0010386475324703497,0.0010386475324703497,3
bisa,0.0010281224735827386,0.0009257689769722572,34
pr,0.0010207614820319578,0.0010207614820319578,5
hoki,0.0010129011744138552,0.0010129011744138552,5
banget,0.0009508819566331972,0.000938242337683079,36
ini,0.0009504059499907414,0.0008957823619678957,48
bikin,0.0009415136297466234,0.0007440282700408716,33
jeruk,0.0009397972090373515,0.0009397972090373515,1
g,0.0009394025872546385,0.0009293603644970668,17
yang,0.0009142290238910694,0.0008757967616370783,62
memberikan,0.0008741957566307974,0.0008741957566307974,5
dapet,0.0008675327074937134,0.00031533840863509497,13
bow,0.0008569171214293211,0.0008285954244018987,13
76,0.0008545816458645276,0.0008545816458645276,1
play,0.0008540466675985953,0.0008540466675985953,2
manjur,0.0008266302394185914,0.0008266302394185914,1
l,0.0008258622191549625,0.000808916174048414,27
paw,0.000810178024625202,0.000810178024625202,3
xy,0.0008030234483303502,0.0008030234483303502,1
situs,0.0007922745987052622,0.0007922745987052622,4
bermain,0.0007854484477902588,0.0007707040279747162,12
langsung,0.000783373938898876,0.000783373938898876,17
jackpot,0.0007654189267789098,0.0007654189267789098,4
manda,0.0007420771053693897,0.0007420771053693897,2
gak,0.0007225812337661268,-4.2842127125746196e-05,37
menang,0.0007220292154197522,0.0007178211256214127,7
tempat,0.0007157296534132045,0.0007157296534132045,17
pengalaman,0.0007118819679744774,0.0007043953395186691,8
jajan,0.000706274348536681,0.000706274348536681,3
cm,0.0007031609993828169,0.0007031609993828169,3
do,0.000680086960826884,0.0005246683662116994,3
33,0.0006798134872265743,0.000679813487225538,2
jos,0.000668419093519851,0.0006684190935188147,2
kusuma,0.0006587509946512,0.0006587509946512,2
lik,0.0006535559381700295,0.0006535559381700295,2
gel,0.0006525605479790635,0.0006495367544604426,3
lagi,0.0006484839324809702,0.0006458998536284223,21
gunung,0.0006370697040620144,0.0006215291906628409,4
k,0.0006316288732163601,0.0006190798981082851,21
lau,0.000623831264427281,0.000623831264427281,2
r,0.0006208323519658213,0.0006174170808293553,20
cor,0.0005920601457473822,0.0005920601457473822,1
ok,0.0005789662991039865,0.0005789662991039865,6
seru,0.0005719968684279593,0.0005593466112040914,15
terbaik,0.0005560052118235034,0.0005560052118235034,7
org,0.0005379407836083602,0.0005281444754434005,7
karena,0.0005373179166597766,0.0005372976240070784,9
klik,0.0005358441780917929,0.0005358441780917929,1
amin,0.0005337374945593183,0.0005337374945593183,2
jadi,0.0005247025173695764,0.0005216415941417671,30
pendaftaran,0.0005246438973554177,0.0005246438973554177,1
mega,0.000516727273556171,0.000516727273556171,2
b,0.0005000434622875868,0.0004990962934921948,12
udah,0.000496143365150215,0.00047580057655197816,20
alhamdulillah,0.0004892286957474426,0.0004892286957474426,2
sg,0.00048330567560333294,7.291886706661899e-05,7
dari,0.00048181554919247846,0.0004301108336116244,39
mantap,0.0004797474285951466,0.0004797474285951466,8
terus,0.0004773616820002644,0.0004772797672721936,10
be,0.0004724013987506623,0.00046714501316455427,5
aer,0.0004715556503651897,0.00041804492090886925,5
kejutan,0.00046932616065532785,0.00046932616065532785,5
salut,0.0004621913590672193,0.0004621913590672193,2
ku,0.0004603825737473623,0.00046036269770108145,9
lebih,0.00045914216036180733,0.00036997349229204703,17
terpopuler,0.00045885727824497737,0.00045885727824497737,1
juga,0.0004586584024473268,0.00044922308946479463,17
dan,0.00045455864685904455,0.000438009262010273,43
wet,0.00044780067432293434,0.0004416722089663381,6
hari,0.00044779693559191734,0.0004380044623193389,14
peluang,0.0004432691967813298,0.0004432691967813298,1
00,0.0004422388139785019,0.0004422388139785019,4
perubahan,0.00042246250912285176,0.00042246250912285176,2
fitur,0.0004091840609128537,3.93367908930356e-05,16
menawarkan,0.0004080303080772865,0.0004080303080772865,3
tapi,0.00040562490611597743,0.00040461816060288443,18
kali,0.0003966604219422152,0.00039197189462356616,11
ux,0.00039420654581772394,0.00039420654581772394,1
victor,0.00038494337696829464,0.00038494337696829464,1
nya,0.00038280061176011813,0.0003262095376033948,64
hasil,0.00038187677591486135,0.00038187677591486135,7
kaget,0.0003804035102948546,0.0003804035102948546,1
emang,0.00037805989783009866,0.00036820869962321014,14
berkat,0.0003776948400773108,0.0003776948400773108,4
baru,0.00037478373500453885,0.000374715205951231,17
mendapatkan,0.0003736777308404271,-4.905719318412594e-05,5
rezeki,0.00036245308981597193,8.212128174636746e-05,9
nih,0.00035943680639684316,0.00035600231241915024,16
suka,0.00034868570267826724,0.00034868570267826724,5
gampang,0.00034238413506318464,0.00034238413506318464,7
ketawa,0.00034110285709175513,0.00019874523138423684,4
gokil,0.00034097235920489764,0.00034097235920489764,6
masyarakat,0.0003381332301287763,0.0003375424078476066,4
tiba,0.00033698540566820155,0.00033698408640793785,3
asik,0.0003344404765666695,0.0003344404765666695,2
member,0.0003304523226979654,0.0003304523226979654,1
kayak,0.00032871127804719435,0.0003204717987919139,11
keren,0.0003263898525183322,0.0003263898525183322,16
buat,0.0003172614751780375,0.00030131090851829776,18
j,0.00031687436639185764,0.00031687436639185764,3
jauh,0.00031523279573339094,0.00030754052560478157,7
prob,0.0003136275183642283,0.0003136275183642283,1
tantangan,0.0003098428363955463,0.0003098428363955463,1
sambil,0.00030040378893681917,0.00030040378893681917,8
ki,0.00029617165451054463,0.00029617165451054463,1
menarik,0.0002936807826663426,0.0002936807826663426,4
event,0.00029241125478984034,0.00025195890496070207,6
lex,0.00028925128340051744,0.00028925128340051744,1
permainan,0.00028913806543278043,0.00028913806543278043,2
dor,0.00028860050269577186,0.00028860050269577186,2
cir,0.000286592543910956,0.00028606999009207356,3
bukan,0.00028529877938029003,0.0002782462071200565,7
hasilnya,0.00027823004044148547,0.00027492118262125586,7
gede,0.0002772065500437541,0.00016027037516758112,9
tim,0.00026494080137126727,-0.00026386475764229547,3
peta,0.0002645875939051621,0.0002645875939051621,1
rasanya,0.0002626989952004806,0.0002626989952004806,3
ho,0.0002603303260402754,0.0002603303260402754,1
hadiah,0.00025796229199477236,0.00025796229199477236,3
sensasi,0.00025692240969146953,0.00025692240969146953,3
agak,0.00025194976392708474,0.00025194976392708474,2
banyak,0.00024792898558548986,0.00024791118531431025,13
berita,0.00024421273506595754,0.00024421273506595754,2
sukses,0.00024392922895155302,0.00024392922895155302,6
soalnya,0.0002425610762802535,0.0002425610762802535,4
tempatnya,0.000242403369222302,0.000242403369222302,1
kapan,0.00023522577077164896,0.00023522577077164896,4
sih,0.000230676586416373,-8.264793126625358e-05,29
maksimal,0.00022604681061420706,0.00022604681061420706,2
oth,0.00022574734595400515,-0.00022574734595400515,1
uang,0.00022374881715732045,0.00022374881715732045,5
cheat,0.00022314190769247944,-0.00022314190769247944,1
besar,0.0002227845240784518,0.00012625708525665686,12
pu,0.00022223182322341018,0.00022223182322341018,2
hadir,0.0002216969351939042,0.0002216969351939042,1
solusinya,0.00022128216666169464,0.00022128216666169464,1
6,0.00021986854130609447,0.00021986854130573316,2
tiap,0.0002186399785350659,0.00020554060857830335,10
berlian,0.00021837941781632252,0.00021837941781632252,1
menunggu,0.00021643602192489197,0.00021643602192489197,4
deh,0.00021558210431248882,0.00018512100528459997,16
sama,0.00021223621014063003,0.00017406437533166658,17
uto,0.00021205076280602953,0.00021205076280602953,1
cn,0.0002064286568056559,0.0002064286568056559,1
auto,0.0002054395916275098,0.0002054395916275098,3
ketagihan,0.00020484955667780013,0.00020484955667780013,2
ngerasain,0.00020448106472031213,0.00020448106472031213,1
jep,0.00020228635957391817,0.00020045319258861128,10
instan,0.00019896627575144522,0.00019896627575144522,2
biasa,0.00019826424024540758,0.00019135173002905503,9
in,0.00019592971516819185,0.00018100398250838528,21
soal,0.0001951394465386329,0.000193539242872248,5
lain,0.00019417903753366687,0.00018261022984738485,18
jutaan,0.00019339646866137628,0.00019339646866137628,1
tahun,0.00019221996362648496,-0.0001674895006199222,4
lancar,0.00019190372290540835,0.00017811682843239395,3
lengkap,0.00018979682708595647,0.00018946554416470463,5
latihan,0.0001868586273303663,0.0001868586273303663,1
n,0.0001867945780234211,0.00018597163657650884,11
malem,0.00018615393682557623,0.00018615393682557623,1
kemenangan,0.00018604720212897518,0.00018604720212897518,2
hanya,0.00018578790878099325,9.501807908883267e-05,6
habis,0.0001846261694736313,0.0001846261694736313,1
ala,0.00018414463473591773,0.00018414463473591773,2
maen,0.00018247654443985083,0.00018247654443985083,1
upgrade,0.00017843078420264646,0.00017843078420264646,1
serius,0.00017658831665175967,0.00016165664137224667,9
cair,0.0001760499262600206,0.0001760499262600206,1
puas,0.00017415710017667152,0.00017415710017667152,2
rapi,0.00017341614652156728,0.0001734161465205309,2
mood,0.00017283927748212592,0.00017283927748212592,1
ay,0.00017283144756220282,-0.00017283144756220282,6
history,0.0001694585080313118,0.0001694585080313118,6
ra,0.0001689043305341329,0.0001689043305341329,2
lagunya,0.00016871548818744487,-0.00016871548818744487,1
meluncur,0.00016809652365191142,0.00016809652365191142,1
er,0.00016805717918480826,1.1737678200372016e-05,12
transaksi,0.00016781639550026738,0.00016781639550026738,2
anj,0.0001670218808540085,-0.0001601492144363874,10
ya,0.00016697917016733608,-0.00013192086934889322,21
10,0.000166654357001278,0.00016505973422459847,5
dengan,0.0001660477036502492,7.547677441800172e-05,14
trak,0.0001660475165263051,0.0001660475165263051,1
dibayar,0.00016428187461133348,0.00010785162770480383,4
circle,0.00016267431772939745,0.00016267431772939745,1
nyaman,0.0001623147386380879,0.0001623147386380879,1
abis,0.00016078137557529513,0.00015775164341071753,11
bang,0.0001605980699113777,0.00010286710634505401,17
melayani,0.00015714439615112496,0.00015714439615112496,1
datang,0.00015644674446230056,0.00015644674446230056,3
disebut,0.00015609418756503147,0.00015609418756503147,1
memang,0.00015301120609171145,8.681221846733631e-05,11
tingkat,0.00015237805952347116,0.00015237805952347116,2
cepat,0.00014522770539822106,0.00014522770539822106,6
tub,0.00014190002069517505,0.00014190002069517505,1
pertama,0.00014156977630773327,4.0308287971129176e-05,5
med,0.00014143538793723564,0.00014143538793723564,2
eh,0.0001414039998790031,0.0001409766891893014,5
loyal,0.00013974517084716355,-0.00013974517084716355,1
21,0.00013914698172577976,0.00013914698172317965,2
draw,0.0001379754424924613,0.0001379754424924613,1
kadang,0.00013729330792557447,0.00013729330792557447,2
ternyata,0.00013725221866479843,0.0001365361848511384,4
lucky,0.00013675071101170033,0.00013675071101170033,2
aku,0.0001365986756318307,0.0001365986756318307,7
h,0.0001358673147697118,0.00012730098324391292,8
paling,0.0001324865017159027,0.0001324865017159027,6
referral,0.0001307920730614569,0.0001307920730614569,1
3,0.00012867806038269008,0.00011688324450269955,6
orang,0.00012682252420832452,3.146666154845042e-05,14
juta,0.00012573519912257325,0.00012573519912257325,3
ey,0.000125540278837434,0.00011699058605881873,2
notifikasi,0.000124733501834271,0.000124733501834271,1
asli,0.00012408854443981708,7.960203300115407e-05,15
aa,0.00012018655575581458,0.00011726212803102196,8
lee,0.00011978001492389012,-0.00011545387739897706,2
benar,0.00011717046075526534,0.00011649729014451233,6
cerita,0.00011560679046124278,0.00011559069574832393,5
tidak,0.00011484982353454318,-9.071766109886098e-05,17
dalam,0.00011411285326155646,0.0001137811297774331,10
pernah,0.00010722110821188835,-5.4591524440184e-06,11
dijamin,0.00010604992634762311,0.00010604992634762311,1
super,0.00010527768482198654,9.579820174339046e-05,7
gig,0.00010526206619397272,0.00010526206619397272,3
beneran,0.00010411170240877255,-0.00010140621628488589,4
gila,0.00010406866580524365,2.289800889775506e-05,7
mantep,0.0001037208796624327,0.0001037208796624327,3
signifikan,0.0001032798323649331,0.0001032798323649331,2
gas,0.0001031677724677138,9.206770051969215e-05,2
menurut,0.00010292422871498275,-0.000102906347343378,3
itu,0.0001028107129364625,9.52567458271785e-05,28
masih,0.00010192878377141507,9.784544568380033e-05,13
tadi,0.00010188285876211011,0.00010188285876211011,4
06,0.00010048668644594727,0.00010048668644594727,2
disini,0.00010005107933830004,0.00010005107933830004,1
enak,9.923148101330105e-05,9.348952244730947e-05,10
p,9.743538036127575e-05,9.743538036127575e-05,5
bilang,9.717702722628019e-05,3.8571261069591855e-05,4
live,9.639493266877252e-05,9.639493266877252e-05,1
tuh,9.497043715100517e-05,9.479471315853516e-05,6
selama,9.492447776210611e-05,9.492447776210611e-05,3
betah,9.447324288339587e-05,9.447324288339587e-05,5
luar,9.372693376594188e-05,9.030650238178706e-05,11
boleh,9.32332227462846e-05,6.809165311954552e-05,4
hadirkan,9.295662125805394e-05,9.295662125805394e-05,1
bro,9.232124379498904e-05,2.53696835249381e-05,4
ion,9.205944424926806e-05,9.205944424926806e-05,4
baik,9.075347299190586e-05,8.679450777194173e-05,12
naga,9.061140973790316e-05,9.061140973790316e-05,1
nggak,8.978452483934233e-05,1.68758645078924e-05,6
stream,8.95898331873468e-05,8.95898331873468e-05,2
lumayan,8.765792648046044e-05,8.765792648046044e-05,1
deep,8.578139798191841e-05,8.578139798191841e-05,1
datangnya,8.49387207563268e-05,8.49387207563268e-05,1
channel,8.463422223576345e-05,-8.461433910997584e-05,2
kasih,8.430980169214309e-05,8.430980169214309e-05,3
percaya,8.410358614517983e-05,8.29314428813502e-05,6
player,8.195172909108806e-05,8.195172909108806e-05,1
santai,8.113579519704217e-05,8.113579519704217e-05,3
salam,7.949998163530836e-05,7.949998163530836e-05,6
dukung,7.936835064174375e-05,7.936835064174375e-05,1
favorit,7.920530086994404e-05,-1.3883850020647515e-05,3
daftar,7.910529883520212e-05,7.910529883520212e-05,2
chin,7.88969230998191e-05,-7.88969230998191e-05,1
kayaknya,7.802109347539954e-05,-7.802109347539954e-05,2
nonton,7.79386904760031e-05,-6.771566698444075e-05,8
angkat,7.7762886419805e-05,7.7762886419805e-05,1
gua,7.756281260662945e-05,7.747009096783586e-05,5
silih,7.74015732240514e-05,7.74015732240514e-05,1
mengecewakan,7.705674177850597e-05,7.705674177850597e-05,2
ax,7.684845745825442e-05,7.684845745825442e-05,3
cashback,7.683219330647262e-05,7.683219330647262e-05,4
teroris,7.558632049767766e-05,-7.558632049767766e-05,1
putar,7.540072995470836e-05,7.540072995470836e-05,1
akhir,7.32584066936397e-05,-2.8386210855387616e-05,6
hiburan,7.3054772845353e-05,7.3054772845353e-05,2
pokoknya,7.265639852266759e-05,-7.001739036059007e-05,2
hidup,7.23460429957273e-05,6.469729538492595e-05,6
nyambung,7.104323705425486e-05,7.104323705425486e-05,1
cuma,7.101980639033151e-05,6.675774118723915e-05,9
liter,7.098431541089667e-05,7.098431541089667e-05,5
kedepan,7.051197109103669e-05,-7.051197109103669e-05,1
lanjut,7.027948028553511e-05,7.027948028553511e-05,2
setidaknya,6.910301242533023e-05,6.910301242533023e-05,1
keuntungan,6.862484710654826e-05,6.862484710654826e-05,2
cerah,6.861747503717198e-05,6.861747503717198e-05,1
kebanggaan,6.849510502433987e-05,6.849510502433987e-05,1
tahu,6.80642123825237e-05,6.727678256538638e-05,4
lapak,6.791908828017768e-05,-6.791908828017768e-05,1
all,6.643348027864705e-05,2.9963738510559778e-05,6
war,6.60312858672114e-05,6.60312858672114e-05,1
pekan,6.563187645224389e-05,-6.563187645224389e-05,1
coba,6.499882444465281e-05,3.206918353619888e-05,22
pl,6.460756058731931e-05,6.406350402903627e-05,4
quick,6.424270723073277e-05,6.424270723073277e-05,3
sponsor,6.404584850679384e-05,6.404584850679384e-05,1
apa,6.401458707615737e-05,-2.0947422764506228e-05,18
keluarga,6.386337885487592e-05,6.386337885487592e-05,2
rasa,6.385119770250943e-05,6.385119770250943e-05,3
ca,6.37831518179155e-05,6.37831518179155e-05,1
bu,6.367692962521687e-05,6.367692962521687e-05,1
buka,6.358059550257166e-05,6.358059550257166e-05,1
cita,6.323578277078923e-05,6.323578277078923e-05,1
tentang,6.321247515370488e-05,6.321247515370488e-05,6
bersama,6.306430149561492e-05,6.306430149561492e-05,2
setelah,6.279815931338817e-05,6.279815931338817e-05,8
berganti,6.218473849730798e-05,6.218473849730798e-05,1
att,6.174058916561383e-05,6.174058916561383e-05,4
tt,6.04583414424269e-05,6.0064629036787664e-05,3
gue,6.009467514741118e-05,5.9921069736446955e-05,7
ngakak,5.932507526449626e-05,2.2073476349760313e-05,6
saya,5.770292219252345e-05,5.562888025027254e-05,5
kesempatan,5.686248507117853e-05,5.686248507117853e-05,1
dugaan,5.6476076315448155e-05,5.6476076315448155e-05,1
kita,5.608583620349756e-05,-4.98086701615778e-05,10
kak,5.590884340199409e-05,5.590884340199409e-05,7
sekali,5.569273297442123e-05,5.569273297442123e-05,5
kaya,5.526710286676462e-05,1.8630755944741394e-05,7
pengen,5.505401338814409e-05,5.505401338814409e-05,6
minuman,5.459288782731164e-05,5.459288782731164e-05,1
makanan,5.4083177714346674e-05,5.4083177714346674e-05,6
ru,5.394552637517336e-05,5.394552637517336e-05,3
kamera,5.3182020048552655e-05,-5.3182020048552655e-05,3
awan,5.3181004272119027e-05,5.3181004272119027e-05,2
aja,5.3161369129624546e-05,4.764420670854012e-05,23
dong,5.288519076202647e-05,-5.2540008971845966e-05,8
aroma,5.267654439376201e-05,5.267654439376201e-05,1
ih,5.197604484783369e-05,5.197604484783369e-05,3
kamu,5.189716724453319e-05,5.189716724453319e-05,4
la,5.186680072256422e-05,5.186680072256422e-05,2
deposit,5.1565478293923664e-05,5.1565478293923664e-05,3
temu,5.129365496395622e-05,5.129365496395622e-05,1
ek,5.0308303820202124e-05,4.2081355044501834e-05,5
mengunjungi,4.929725945839891e-05,-4.929725945839891e-05,1
ong,4.8627142612531316e-05,4.850598243501736e-05,3
os,4.855260296244524e-05,4.855260296244524e-05,1
kecewa,4.8529272069572474e-05,-4.8529272069572474e-05,1
ketika,4.8284914145673005e-05,4.8284914145673005e-05,3
mimpi,4.75159874840756e-05,4.75159874840756e-05,2
dia,4.7229893846330615e-05,-2.6962938654226794e-05,5
tepat,4.708848398201532e-05,-4.573147911805572e-06,5
ngej,4.5827839039702666e-05,4.5827839039702666e-05,4
sekarang,4.568343687569722e-05,4.553157691261731e-05,6
konten,4.54504924309731e-05,4.54504924309731e-05,9
gw,4.528150216610812e-05,-2.9053820800254473e-05,12
kalau,4.5081610082497505e-05,2.6560279929463137e-05,8
na,4.507296064912225e-05,1.978451381364721e-05,4
tanpa,4.4885176435855104e-05,4.4885176435855104e-05,3
hitungan,4.4521518575493246e-05,-2.8636467264732347e-05,3
kurang,4.450766088440005e-05,4.0464083620016846e-05,11
nge,4.398733338166494e-05,-3.199834820406977e-05,8
merasa,4.371647813240997e-05,4.078980880149174e-05,8
semuanya,4.284157601796323e-05,4.284157601796323e-05,1
keseruan,4.2788172482687513e-05,-4.2788172482687513e-05,1
as,4.247205256979214e-05,3.8801429771410764e-05,2
ti,4.1992438771558224e-05,2.3205856672575464e-05,5
detail,4.198548857506114e-05,4.198548857506114e-05,4
mengalami,4.100213316269219e-05,4.100213316269219e-05,2
taj,4.086068821197841e-05,4.086068821197841e-05,2
pas,4.0699799249978244e-05,4.0673576706922175e-05,5
wkwk,4.0697852891753425e-05,3.8542696434888055e-05,4
puncak,4.0583439331385305e-05,4.0583439331385305e-05,1
bo,4.045813512090696e-05,4.0458135119870565e-05,4
kualitas,4.033002964634387e-05,4.033002964634387e-05,2
lgi,3.9729642288875763e-05,3.9729642288875763e-05,1
recommended,3.966386339743622e-05,3.966386339743622e-05,1
diikuti,3.9612410342670046e-05,-3.9612410342670046e-05,1
ke,3.957751287211844e-05,3.305966700283098e-05,20
rasakan,3.937484449852491e-05,3.937484449852491e-05,1
cu,3.7838578493531655e-05,3.7835402930656586e-05,7
ik,3.7732988421339545e-05,3.54552607605001e-05,4
rela,3.764615466207033e-05,-3.764615466207033e-05,2
saat,3.762068200012436e-05,3.762068200012436e-05,4
milyaran,3.731922642327845e-05,-5.222045743721537e-06,3
detik,3.713351407350274e-05,3.713351407350274e-05,2
ngec,3.7015653710113836e-05,3.7015653710113836e-05,3
ngopi,3.6904630629578605e-05,3.6904630629578605e-05,1
densus,3.6751185230968985e-05,3.6751185230968985e-05,1
ang,3.611398935026955e-05,3.589320853643585e-05,5
jaya,3.594697693552007e-05,3.594697693552007e-05,1
15,3.587755905883729e-05,6.239694675434079e-06,3
cari,3.580394834352773e-05,3.580394834352773e-05,9
em,3.558339533605585e-05,-1.4793710264742983e-05,6
nag,3.5563065484893744e-05,3.5563065484893744e-05,2
lingkungan,3.52842387437704e-05,-3.52842387437704e-05,1
bener,3.5193490351957735e-05,4.409881148603745e-07,7
setiap,3.516060299337439e-05,3.516060299337439e-05,10
klarifikasi,3.5013237749808466e-05,-3.5013237749808466e-05,1
ragu,3.477067521453137e-05,3.477067521453137e-05,3
nama,3.470056868778163e-05,3.4691175800020866e-05,2
or,3.44506935471145e-05,3.423392699551186e-05,3
sejak,3.4395025002595506e-05,-3.4395025002595506e-05,1
strategi,3.383439114622888e-05,3.383439114622888e-05,2
dilewatkan,3.367938476003473e-05,3.367938476003473e-05,1
bayar,3.355618731075083e-05,3.355618731075083e-05,2
kas,3.3061033293051876e-05,3.3061033293051876e-05,1
ide,3.300180643418571e-05,3.300180643418571e-05,2
hati,3.290125404803095e-05,3.224139852480019e-05,7
bareng,3.279632878457051e-05,3.279632878457051e-05,2
terl,3.2712830345190014e-05,3.2712830345190014e-05,2
pasti,3.247632700913528e-05,2.233498230089026e-05,7
yu,3.23404109585681e-05,3.23404109585681e-05,1
kami,3.2151522573258264e-05,3.2151522573258264e-05,2
memiliki,3.1698842882178726e-05,-3.1698842882178726e-05,1
review,3.115422135329813e-05,2.210435309195844e-05,9
wor,3.106049154303036e-05,-3.106049154303036e-05,1
sultan,3.061208076906041e-05,-3.061208076906041e-05,3
yah,3.0418841206483193e-05,-3.0418841206483193e-05,3
adil,3.021865686053691e-05,2.9357915635713047e-05,5
sebagus,3.0214293423341586e-05,3.0214293423341586e-05,1
ekspektasi,3.0020334877917775e-05,3.0020334877917775e-05,3
jam,2.9918616278640303e-05,2.9918616278640303e-05,3
ng,2.9896662090462035e-05,2.4279694502044604e-05,10
th,2.9677615822895727e-05,2.8383287701269315e-05,2
jak,2.9308490917173914e-05,2.9308490917173914e-05,3
mau,2.8890547131825715e-05,2.773888318601808e-05,10
terimakasih,2.8849731432273985e-05,2.8849731432273985e-05,1
es,2.8460386835730686e-05,2.8445835937519505e-05,5
ketinggalan,2.8280233826080802e-05,2.8018606761179398e-05,2
yg,2.7606904169520044e-05,-2.7591776419206865e-05,39
membahas,2.745205397513928e-05,2.745205397513928e-05,1
bahas,2.682085562264547e-05,-2.211639676534105e-05,4
sc,2.6702563113455347e-05,4.7038191599616165e-06,3
netizen,2.6593918235448656e-05,1.8798399200022687e-05,6
lunas,2.6568622310151114e-05,2.6568622310151114e-05,1
wanya,2.6557593475445172e-05,2.6557593475445172e-05,1
mengetahui,2.6540735852904618e-05,2.6540735852904618e-05,1
untung,2.6508976470520593e-05,-2.0815366459121125e-05,4
jahanam,2.6431923979544082e-05,2.6431923979544082e-05,1
unik,2.5824967939115594e-05,2.5824967939115594e-05,3
sudah,2.579779690840662e-05,2.317491195590553e-05,11
otomatis,2.5749941829417367e-05,2.5749941829417367e-05,2
laen,2.558195399615215e-05,2.558195399615215e-05,2
teman,2.519047854730161e-05,2.519047854730161e-05,2
makasih,2.471116638480453e-05,2.471116638480453e-05,3
ka,2.464220638365886e-05,2.5606133159372905e-06,9
keajaiban,2.4471571363392285e-05,2.4471571363392285e-05,1
log,2.4352952619665304e-05,1.1787894647568465e-05,6
knalpot,2.4299687291204464e-05,-2.4299687291204464e-05,1
12,2.4244058339450824e-05,-2.424405833816683e-05,2
400,2.4085620775354875e-05,-2.408562077407088e-05,2
ketemu,2.403804009372834e-05,2.403804009372834e-05,1
ron,2.4010665798414267e-05,2.4010665798414267e-05,2
serahkan,2.3957641760716798e-05,-2.393358236622589e-05,2
demo,2.3941841107443907e-05,2.3941841107443907e-05,1
gosip,2.392606844659895e-05,-2.392606844659895e-05,1
jawab,2.3893326055258513e-05,-2.3893326055258513e-05,1
diduga,2.3761688062222675e-05,2.3761688062222675e-05,1
juara,2.362024826288689e-05,2.362024826288689e-05,2
lat,2.3513178781286115e-05,2.3513178781286115e-05,1
nom,2.3320510506891877e-05,2.3320510506891877e-05,1
si,2.3278224716551238e-05,1.465847935272065e-05,6
ajak,2.32710692253022e-05,-2.3051255859172672e-05,2
bakal,2.3107165884236263e-05,2.1392016401174867e-05,4
menab,2.2793399628426413e-05,2.2793399628426413e-05,1
top,2.2708028904162348e-05,2.2708028904162348e-05,3
kesan,2.2567478583368938e-05,2.2567478583368938e-05,1
yaman,2.2536413205671125e-05,-2.2536413205671125e-05,1
ewa,2.250158038805239e-05,-1.6623300383798777e-05,2
merk,2.2090598928689037e-05,2.2090598928689037e-05,3
45,2.2056362534595582e-05,-2.2056362532356823e-05,2
pro,2.20173903984993e-05,-1.802233847814354e-05,5
semangat,2.1977478434564545e-05,2.1977478434564545e-05,5
vib,2.1910687293711817e-05,2.1910687293711817e-05,3
beda,2.1824028076662218e-05,1.4456348585372324e-05,6
audit,2.1740040800068526e-05,-2.1740040800068526e-05,1
waktu,2.163034403929487e-05,2.163034403929487e-05,3
asi,2.16109437103328e-05,-2.16109437103328e-05,2
leg,2.1292139193974437e-05,9.620541342883371e-06,2
kecil,2.1279956821672387e-05,1.0471100318682147e-05,4
kok,2.1164853949812822e-05,-2.1164853949812822e-05,4
ladang,2.0884389421553352e-05,2.0884389421553352e-05,1
202,2.0432332683412824e-05,-2.0432332683412824e-05,1
video,2.03210526500452e-05,2.0319695150307783e-05,6
larut,1.9996496257590478e-05,-1.9996496257590478e-05,1
berubah,1.995513532165205e-05,1.995513532165205e-05,1
odet,1.970463847828796e-05,1.970463847828796e-05,1
cil,1.9614934109995374e-05,-1.9614934109995374e-05,1
maha,1.902592550686677e-05,1.902592550686677e-05,3
100,1.895390056864573e-05,-1.8732938374399857e-05,4
kredit,1.816084342135582e-05,1.816084342135582e-05,1
akui,1.804729099603719e-05,1.804729099603719e-05,1
wanita,1.795209939882625e-05,1.795209939882625e-05,1
bik,1.7912815470481293e-05,-1.7912815470481293e-05,1
akan,1.7890590129961008e-05,1.7743036946133845e-05,6
belom,1.7840750733739695e-05,-1.7840750733739695e-05,3
hitam,1.7707929328025784e-05,-1.7707929328025784e-05,1
informatif,1.7639561807300197e-05,1.7639561807300197e-05,1
bahagia,1.7588489659829067e-05,1.7588489659829067e-05,2
ir,1.748730421604705e-05,4.818864890694386e-06,7
awal,1.7313770440523514e-05,-1.7313770440523514e-05,1
online,1.7288328417635058e-05,1.7288328417635058e-05,1
pep,1.717786154767964e-05,1.717786154767964e-05,1
bandung,1.717562582780374e-05,1.717562582780374e-05,1
terbesar,1.7141932214144617e-05,1.7141932214144617e-05,1
menuai,1.7119548479968217e-05,1.7119548479968217e-05,1
spin,1.697605747176567e-05,1.697605747176567e-05,1
namanya,1.6872407853043114e-05,1.6860216704117193e-05,3
tak,1.6810693912500736e-05,-1.4388767525613529e-05,4
ex,1.6437463367765302e-05,-1.6437463367765302e-05,2
30,1.641450043150122e-05,1.6414500430464834e-05,5
saran,1.6328926857176848e-05,-1.6328926857176848e-05,3
it,1.630816486431286e-05,1.630816486431286e-05,2
sumpah,1.6049323693550833e-05,-1.6049323693550833e-05,2
sering,1.598467661824543e-05,1.598467661824543e-05,3
pertanyaan,1.5965524627972626e-05,-1.3416746511211386e-05,4
penting,1.5896957380997872e-05,1.586681448437351e-05,3
dasar,1.5834696168894878e-05,-1.5834696168894878e-05,1
bawa,1.5816153048945126e-05,1.5816153048945126e-05,2
kp,1.565230255073402e-05,1.565230255073402e-05,1
v,1.557290427860586e-05,3.3104168500633373e-06,9
makin,1.552612594969105e-05,1.5520624787313862e-05,6
q,1.550016330232947e-05,-1.550016330232947e-05,4
pengertian,1.549054920906201e-05,1.549054920906201e-05,1
liburan,1.5458271718671313e-05,1.4488565811916487e-05,3
kata,1.5314953609049554e-05,1.5314953609049554e-05,3
seharian,1.5303694912290667e-05,1.5303694912290667e-05,1
terbaru,1.5297138183086646e-05,-1.5297138183086646e-05,1
pg,1.526184428439592e-05,-1.526184428439592e-05,1
bukti,1.5102236005986925e-05,1.5102236005986925e-05,1
abang,1.5026819266495295e-05,1.5026819266495295e-05,2
duit,1.4548189531964896e-05,1.4548189531964896e-05,4
not,1.4440030801779358e-05,1.4440030801779358e-05,1
bersyukur,1.4330609585158526e-05,1.4330609585158526e-05,2
subscribe,1.4169333982863463e-05,1.4169333982863463e-05,1
sistemnya,1.3875019860279281e-05,1.3875019860279281e-05,1
prosesnya,1.3861211948096752e-05,1.3861211948096752e-05,1
beli,1.3802829113067291e-05,2.4337351442432747e-06,12
mendarat,1.377776527806418e-05,1.377776527806418e-05,1
visual,1.3731462611758616e-05,1.3731462611758616e-05,2
lekas,1.3542202024837025e-05,1.3542202024837025e-05,1
parah,1.3472725772981694e-05,-4.479804093324884e-06,7
dikit,1.3373442511549004e-05,1.3373442511549004e-05,3
dulu,1.3266233032263368e-05,-6.835897933561105e-06,15
karbon,1.3220434440881946e-05,1.3220434440881946e-05,1
mainkan,1.3204058013798204e-05,-1.3204058013798204e-05,1
jangan,1.300518357038527e-05,8.351847881385765e-06,9
harapan,1.2950023396115284e-05,1.2950023396115284e-05,1
mal,1.2891203041363042e-05,1.2891203041363042e-05,1
umroh,1.282924106635619e-05,-1.282924106635619e-05,1
semua,1.2640878367619734e-05,1.1450185005287495e-05,7
div,1.2610227444383781e-05,1.2610227444383781e-05,1
sendiri,1.2576067091686127e-05,1.2172117291811446e-05,5
bgt,1.2501588015893068e-05,3.201063390279594e-06,5
bertanya,1.2435039605406928e-05,-1.2435039605406928e-05,2
berasa,1.2402997108438284e-05,-1.2402997108438284e-05,1
an,1.2396592050382967e-05,6.359978797437721e-06,10
bahaya,1.2380395390209741e-05,-1.2380395390209741e-05,2
bagus,1.2355047140372802e-05,1.2355047140372802e-05,8
duanya,1.2340604786004406e-05,1.2340604786004406e-05,2
kan,1.228452885853975e-05,-7.091332388621855e-06,12
rr,1.219295219925698e-05,-1.219295219925698e-05,3
did,1.2187150779936929e-05,-1.2187150779936929e-05,1
pod,1.1975997796980664e-05,1.1975997796980664e-05,3
membran,1.179688817137503e-05,1.179688817137503e-05,1
sesuai,1.1744175521016586e-05,1.1744175521016586e-05,2
yakin,1.1470127043781652e-05,-1.1470127042497658e-05,3
rey,1.1453739571152255e-05,1.1453739571152255e-05,1
tau,1.1441188412459418e-05,-9.126939016891959e-06,5
politikus,1.1388321428967175e-05,-1.1388321428967175e-05,1
tertu,1.1339948015423338e-05,1.1339948015423338e-05,1
cepet,1.1231060689169681e-05,-3.3016337365552316e-06,3
turun,1.1226152549226785e-05,1.117972219408984e-05,4
kar,1.1220850519748637e-05,1.1098237263164872e-05,2
kc,1.1185362993273884e-05,-1.1185362993273884e-05,1
2,1.115525856954355e-05,7.64296394061528e-06,17
awab,1.1120636623672909e-05,1.1120636623672909e-05,3
malam,1.1026430802303367e-05,1.1026430802303367e-05,1
makan,1.0904972541538882e-05,-1.0904972541538882e-05,5
nanti,1.0744789367890916e-05,-1.0302707843948156e-05,3
ngasih,1.0722801220254041e-05,1.0722801220254041e-05,1
gk,1.0712885139596513e-05,1.7640251214122593e-06,8
terlupakan,1.0640138578310143e-05,1.0640138578310143e-05,2
je,1.0515794783714228e-05,-1.0515794783714228e-05,1
yi,1.0479100405063947e-05,-1.0479100405063947e-05,3
situasi,1.0230369516648352e-05,1.0230369516648352e-05,2
gg,1.022894565903698e-05,1.022894565903698e-05,2
berhasil,1.0192933455982712e-05,1.0192933455982712e-05,1
papua,1.0089444076584186e-05,-1.0089444076584186e-05,1
se,1.0003337294619996e-05,1.0003337294619996e-05,2
menit,9.904733567964286e-06,9.904733567964286e-06,3
lebar,9.835901648330037e-06,9.835901648330037e-06,2
boy,9.804072666156571e-06,9.804072666156571e-06,1
pemain,9.757661617186386e-06,9.757661617186386e-06,2
cocok,9.745150759044917e-06,9.745150759044917e-06,3
pengusaha,9.700522306957283e-06,-9.700522306957283e-06,1
riv,9.690433464129455e-06,9.690433464129455e-06,2
cast,9.645604513934814e-06,-5.666167504386976e-06,3
sangat,9.610941930986882e-06,-2.6683384839998325e-07,7
ngerasa,9.520345556666144e-06,9.520345556666144e-06,2
meja,9.508226648904383e-06,9.508226648904383e-06,1
hp,9.489788368227891e-06,9.489788368227891e-06,4
komedi,9.4750790449325e-06,9.4750790449325e-06,2
kalo,9.326155570144894e-06,-4.260322650386823e-06,11
bron,9.272366529330611e-06,-9.272366529330611e-06,1
oke,9.241075786121655e-06,9.241075786121655e-06,4
donat,9.221199361491017e-06,9.221199361491017e-06,1
harum,9.21042614209e-06,9.21042614209e-06,1
rilis,9.200249020068441e-06,9.200249020068441e-06,1
rakyat,9.165616497244733e-06,-8.324256561951294e-06,9
om,9.109932798828378e-06,-9.109932798828378e-06,3
membaik,9.070620013517328e-06,9.070620013517328e-06,1
sakit,9.021342018968426e-06,-9.021342018968426e-06,3
ji,9.020775047247298e-06,-9.020775047247298e-06,1
jokowi,8.958011448663052e-06,-8.958011448663052e-06,14
putri,8.953359967563302e-06,8.953359967563302e-06,1
night,8.939474013459403e-06,-8.939474013459403e-06,1
polresta,8.919508662074804e-06,-8.919508662074804e-06,1
google,8.779257288551889e-06,8.779257288551889e-06,1
hr,8.75541501591215e-06,-8.75541501591215e-06,1
pulang,8.694664412663164e-06,4.784587899242372e-06,3
action,8.685342356329784e-06,8.145285959471948e-06,3
mewah,8.660550725835492e-06,8.660550725835492e-06,2
untuk,8.603533523494532e-06,7.903138912076558e-06,15
kemarin,8.573949828132754e-06,-7.126296350179473e-06,3
ori,8.542348976334325e-06,-2.449983327096561e-06,2
re,8.497562619595555e-06,3.7443112778419165e-06,5
rusak,8.395630509767216e-06,-8.395630509767216e-06,2
enaknya,8.372189477086067e-06,8.372189477086067e-06,1
ur,8.359113213373349e-06,-4.912152158794925e-06,4
tuaku,8.344364418007899e-06,8.344364418007899e-06,1
wkwkwk,8.297416989080376e-06,5.240970484010177e-06,5
episode,8.274262610939331e-06,8.274262610939331e-06,1
masalah,8.24656598342699e-06,-8.24656598342699e-06,4
akhirnya,8.167476760718273e-06,8.167476760718273e-06,3
dslr,8.154466049745679e-06,8.154466049745679e-06,1
pagi,8.138535966281779e-06,8.138535966281779e-06,2
atau,8.09556608901836e-06,6.6394949531102264e-06,9
ayo,8.086845624347916e-06,-3.2158132489712444e-06,2
berani,8.082907836069354e-06,8.082907836069354e-06,1
kantor,7.988804358319612e-06,7.988804358319612e-06,2
siap,7.975732445629546e-06,7.975732445629546e-06,2
yp,7.96277922927402e-06,-7.96277922927402e-06,1
25,7.948561208258763e-06,7.948561207222372e-06,2
ps,7.914959191111848e-06,7.432211568811908e-06,2
kapolri,7.874661316236598e-06,-7.874661316236598e-06,8
punya,7.8539296098305e-06,7.151104260862797e-06,9
software,7.808079491951503e-06,7.808079491951503e-06,1
pot,7.715857344010147e-06,1.2567533376568463e-06,3
ratis,7.647543759958353e-06,-7.647543759958353e-06,1
istimewa,7.486996124498546e-06,7.486996124498546e-06,1
menemukan,7.467215058568399e-06,7.467215058568399e-06,1
cobain,7.448854707035935e-06,-7.448854707035935e-06,4
mah,7.4326944450149316e-06,7.4326944450149316e-06,4
stock,7.4244831848773176e-06,-7.4244831848773176e-06,1
momen,7.349257095484063e-06,7.349257095484063e-06,1
komik,7.3491446673870085e-06,-7.3491446673870085e-06,1
obatnya,7.336437243793625e-06,7.336437243793625e-06,1
ee,7.314575050259009e-06,6.008019903674722e-06,4
ikuti,7.306813393370248e-06,7.306813393370248e-06,1
topi,7.2845198628783695e-06,7.2845198628783695e-06,1
temen,7.27587541405228e-06,5.1065254119748715e-06,2
terduga,7.232740004837978e-06,7.129679222998675e-06,2
cuman,7.189589164530237e-06,7.189589164530237e-06,2
inspiratif,7.17362757131923e-06,7.17362757131923e-06,1
ab,7.141463982407004e-06,-7.141463982407004e-06,1
tetapi,7.063093071337789e-06,6.728107546223328e-06,2
dahsyat,6.995352949161315e-06,6.995352949161315e-06,1
menulis,6.950979892280884e-06,-6.950979892280884e-06,1
menyenangkan,6.92565146528068e-06,6.92565146528068e-06,1
rece,6.922961011393151e-06,6.922961011393151e-06,4
spesial,6.823540454206522e-06,6.823540454206522e-06,1
xia,6.823202347732149e-06,-6.823202347732149e-06,1
ronald,6.815423126681708e-06,6.815423126681708e-06,1
nar,6.7755926065729e-06,6.7755926065729e-06,1
11,6.758728632245148e-06,6.758728632245148e-06,2
saja,6.754644846410262e-06,-6.6963935297511095e-06,6
disana,6.737993535352871e-06,-6.737993535352871e-06,1
jo,6.694270174193661e-06,-6.324977839540224e-06,4
poly,6.64497686981728e-06,-6.64497686981728e-06,4
bermanfaat,6.603610701858998e-06,6.603610701858998e-06,1
wa,6.580924877198413e-06,6.580924877198413e-06,1
makasi,6.5770719229476525e-06,6.5770719229476525e-06,1
cs,6.5610033489065245e-06,6.532392326334957e-06,3
pake,6.555162668519188e-06,-3.1614622712368145e-06,3
wi,6.495961239124881e-06,-6.353725151711842e-06,4
dapat,6.494773886515759e-06,6.494773886515759e-06,1
register,6.36512888740981e-06,6.36512888740981e-06,2
membuat,6.3505211801384575e-06,6.3505211801384575e-06,5
liat,6.328433356732906e-06,6.328433356732906e-06,7
kuliah,6.323819859971991e-06,-5.097948949696729e-06,2
wae,6.2915584300450675e-06,-6.2915584300450675e-06,1
za,6.286641770930146e-06,6.286641770930146e-06,3
250,6.273936334071636e-06,6.273936334071636e-06,1
esp,6.195174773893086e-06,6.195174773893086e-06,1
follow,6.179866955790203e-06,-6.179866955790203e-06,1
menginspirasi,6.1792598789907065e-06,6.1792598789907065e-06,1
wong,6.173513073008507e-06,-6.173513073008507e-06,1
senang,6.163038939121179e-06,6.163038939121179e-06,1
harus,6.144365190716065e-06,-5.406700938118195e-06,12
sabar,6.107477951445617e-06,6.107477951445617e-06,4
travel,6.095077683044912e-06,6.095077683044912e-06,2
fuji,6.049838910257677e-06,-6.049838910257677e-06,1
sampai,6.000319435770507e-06,4.213494345094659e-06,7
berkilau,5.9645509172696624e-06,5.9645509172696624e-06,1
membicarakan,5.956773413345218e-06,5.956773413345218e-06,1
lo,5.911135115371401e-06,1.7278871534525772e-06,6
jalan,5.907136906898813e-06,2.9765067629341503e-06,4
merangsang,5.90481203107629e-06,5.90481203107629e-06,1
pilihan,5.897397844819352e-06,5.897397844819352e-06,1
upload,5.860210978426039e-06,5.860210978426039e-06,1
mengg,5.848460707056802e-06,-5.848460707056802e-06,1
dibawa,5.8262775492039505e-06,5.8262775492039505e-06,1
kisahnya,5.818718782393262e-06,5.818718782393262e-06,1
f,5.7717861920816805e-06,5.7717861920816805e-06,5
kaos,5.742300389101729e-06,5.742300389101729e-06,1
ort,5.723374957597116e-06,-5.723374957597116e-06,1
coll,5.719169683288783e-06,5.719169683288783e-06,1
harga,5.7052024725029085e-06,5.592179740536569e-06,5
mab,5.697918044461403e-06,-5.697918044461403e-06,1
mas,5.65546470170375e-06,-5.755520105594769e-07,5
gombal,5.590846034465358e-06,5.590846034465358e-06,1
kont,5.524608328414615e-06,5.524608328414615e-06,1
lap,5.509276667807071e-06,-5.509276667807071e-06,3
think,5.46802842394711e-06,-5.46802842394711e-06,2
tempo,5.390220445406157e-06,-4.938285164826084e-06,2
iew,5.3847784729441626e-06,-5.3847784729441626e-06,2
bangsa,5.374866661441047e-06,-5.374866661441047e-06,4
pelayanan,5.340066709322855e-06,5.340066709322855e-06,2
talk,5.33465898479335e-06,-5.33465898479335e-06,1
jilbab,5.3140800446271895e-06,5.3140800446271895e-06,1
lah,5.289246691972949e-06,4.0784555312711747e-07,6
tm,5.283036378386896e-06,5.283036378386896e-06,1
kw,5.267534128506668e-06,-5.267534128506668e-06,4
dika,5.265352425340097e-06,5.265352425340097e-06,1
makanya,5.262643714458035e-06,-3.0783637529465426e-06,3
od,5.205419758567587e-06,-5.205419758567587e-06,1
terp,5.182731139939278e-06,5.182731139939278e-06,1
isi,5.146881791006308e-06,5.146881791006308e-06,1
susah,5.144975491539477e-06,-5.144975491539477e-06,3
hujan,5.144644121173769e-06,5.144644121173769e-06,1
duh,5.089267735456815e-06,-5.089267735456815e-06,2
warung,5.087538760562893e-06,5.087538760562893e-06,2
kad,5.0598625202837866e-06,5.0598625202837866e-06,3
transparan,5.055666686530458e-06,5.0115924714191355e-06,4
bodi,4.997361422283575e-06,-4.997361422283575e-06,1
bulanan,4.9573026335565376e-06,4.9573026335565376e-06,1
pasukan,4.949460388161242e-06,4.949460388161242e-06,1
senyum,4.94213724596193e-06,4.94213724596193e-06,1
sempat,4.937661326039234e-06,4.937661326039234e-06,2
tangguh,4.917325277347118e-06,4.917325277347118e-06,1
sebelumnya,4.897584200080018e-06,4.897584200080018e-06,3
fokus,4.895206788205542e-06,4.895206788205542e-06,3
praktis,4.870663600740955e-06,4.870663600740955e-06,1
nambah,4.866478484473191e-06,4.866478484473191e-06,1
perlu,4.852311372815165e-06,4.852311372815165e-06,1
taufik,4.842242327868007e-06,4.842242327868007e-06,1
scene,4.838803914026357e-06,4.838803914026357e-06,1
terbantu,4.812419385416433e-06,4.812419385416433e-06,1
sembarang,4.769545197632397e-06,-4.769545197632397e-06,1
korupsi,4.750685111503116e-06,-4.750685111503116e-06,1
gimana,4.735746297549614e-06,-4.735746297549614e-06,3
mikro,4.731004890345503e-06,-4.731004890345503e-06,1
uga,4.72225944395177e-06,-4.72225944395177e-06,2
penasaran,4.721645629615523e-06,4.721645629615523e-06,2
allah,4.712798603577539e-06,1.3331479858607054e-06,5
editing,4.674254232668318e-06,4.674254232668318e-06,1
lama,4.5721354920585455e-06,1.324169038265869e-06,6
narasumber,4.570255448925309e-06,-4.570255448925309e-06,1
nyata,4.526784246991156e-06,4.526784246991156e-06,2
galaxy,4.503686282987473e-06,-4.503686282987473e-06,1
kah,4.478954237129074e-06,-4.478954237129074e-06,2
motor,4.4530172090162525e-06,-4.4530172090162525e-06,1
terima,4.437225928995758e-06,-1.554802292957902e-06,2
ijazah,4.411087963680551e-06,-3.125899183223304e-06,16
mulu,4.404004484968027e-06,-3.996539187937742e-06,2
naik,4.3699892921722494e-06,4.3699892921722494e-06,1
tas,4.362516629043966e-06,-4.129516280954703e-06,4
sesuatu,4.3480794611241435e-06,4.3480794611241435e-06,2
mana,4.342628399172099e-06,-2.9130634502507746e-06,6
en,4.32686690209165e-06,-2.264721870859729e-06,4
siang,4.317150742281229e-06,4.317150742281229e-06,2
tw,4.285723841288001e-06,-4.272651279340624e-06,6
negara,4.255785595887573e-06,-4.255785595887573e-06,6
bohong,4.238253803123371e-06,3.963332657804131e-06,3
ff,4.236878277879441e-06,4.236878277879441e-06,2
fleksibel,4.202197909762617e-06,4.202197909762617e-06,1
tep,4.191096875729272e-06,-1.9639835409179798e-06,5
indonesia,4.1138041375840355e-06,-3.23188450026161e-06,8
nemu,4.105435415112879e-06,4.105435415112879e-06,1
seb,4.082826202647993e-06,4.082826202647993e-06,1
gol,4.057718455442227e-06,4.057718455442227e-06,1
update,4.026429720397573e-06,3.498010271869134e-06,4
menolong,4.025361646199599e-06,4.025361646199599e-06,1
gitu,4.02085480709502e-06,4.003261894467869e-06,4
sen,4.015946531580994e-06,4.015946531580994e-06,1
ub,3.994108526967466e-06,3.994108526967466e-06,2
cherry,3.991407844296191e-06,1.5629786576027983e-06,2
slam,3.9650027611060065e-06,3.9650027611060065e-06,1
hukum,3.90344848156019e-06,-3.90344848156019e-06,8
cikal,3.8998621821519915e-06,3.8998621821519915e-06,1
feb,3.8769976381445305e-06,3.8769976381445305e-06,1
akun,3.834862476651324e-06,2.0440105799934826e-07,2
ot,3.826760417203851e-06,3.825802203729317e-06,4
flat,3.777095567784272e-06,3.777095567784272e-06,1
20,3.7609159487360777e-06,-3.7609159487360777e-06,2
isinya,3.7596888723783197e-06,3.7596888723783197e-06,1
bla,3.756301684916252e-06,-3.756301684916252e-06,1
mending,3.75094796254416e-06,-7.906674327387008e-07,4
pindah,3.731425469595706e-06,3.731425469595706e-06,1
pada,3.703663362102816e-06,2.264744140120456e-06,5
unggulan,3.694123814057093e-06,3.694123814057093e-06,1
apakah,3.649067581136478e-06,-3.649067581136478e-06,2
mant,3.648316178441746e-06,3.648316178441746e-06,3
pramuka,3.6400594981387257e-06,3.6400594981387257e-06,1
kompetisi,3.6357831268105656e-06,3.6357831268105656e-06,1
alpha,3.6336614866741e-06,-3.6336614866741e-06,1
akurat,3.610227315220982e-06,3.610227315220982e-06,1
puisi,3.6038579128216954e-06,3.6038579128216954e-06,1
ikan,3.587534502003109e-06,3.587534502003109e-06,4
tanggal,3.5544332786230372e-06,3.5544332786230372e-06,1
gelandang,3.5467099587549454e-06,3.5467099587549454e-06,1
memuaskan,3.5372854181332512e-06,3.5372854181332512e-06,1
lalu,3.485376852040645e-06,-3.485376852040645e-06,2
screen,3.4674002963583918e-06,3.4674002963583918e-06,1
nilai,3.466206559096463e-06,3.466206559096463e-06,1
run,3.45797272893833e-06,7.940318682813086e-07,5
perjalanan,3.4497966116759925e-06,3.4497966116759925e-06,1
kampung,3.4488624369259923e-06,3.4488624369259923e-06,1
test,3.4442559044691736e-06,-3.4442559044691736e-06,1
game,3.429483302170411e-06,-3.429483302170411e-06,1
dimana,3.4264974474353947e-06,-3.4092029727617046e-06,2
lele,3.3971995071624404e-06,3.3971995071624404e-06,2
akita,3.3858438764582387e-06,-3.3858438764582387e-06,1
penuh,3.382764305570163e-06,3.382764305570163e-06,1
masuk,3.3822851790723183e-06,3.3226824354238086e-06,6
lal,3.366124336025678e-06,3.366124336025678e-06,1
ch,3.3515964793931587e-06,-3.3515964781091656e-06,3
law,3.341414572787471e-06,-3.341414572787471e-06,2
kiamat,3.3301121002295984e-06,-3.3301121002295984e-06,1
greg,3.3299134884146043e-06,3.3299134884146043e-06,1
polit,3.289655054686591e-06,-3.289655054686591e-06,1
mar,3.2635851384839045e-06,3.2635851384839045e-06,1
autocad,3.258297118009068e-06,-3.258297118009068e-06,1
xp,3.2503593174624257e-06,3.2503593174624257e-06,1
muncul,3.247429383918643e-06,3.247429383918643e-06,1
bapak,3.228265234611172e-06,-3.228265234611172e-06,3
faham,3.2248723655357024e-06,-3.2248723655357024e-06,1
kemaren,3.1992307194741444e-06,3.1992307194741444e-06,1
haha,3.1920377441565505e-06,3.1920377441565505e-06,2
mba,3.1919615939841604e-06,3.1919615939841604e-06,1
pasangan,3.1903170165605843e-06,3.1903170165605843e-06,1
pe,3.160698542288801e-06,-3.135605600617357e-06,4
kog,3.143791233014781e-06,-3.143791233014781e-06,1
canggih,3.1381993285322094e-06,-5.620852498395834e-07,2
yas,3.1241196775226854e-06,-3.1241196775226854e-06,1
saw,3.1155157509298684e-06,3.1155157509298684e-06,1
yuk,3.1087773386389017e-06,3.1087773386389017e-06,1
mn,3.1016876237117685e-06,-3.1016876237117685e-06,1
ani,3.1006959943624677e-06,-3.1006959943624677e-06,1
dada,3.0939567659515887e-06,3.0939567659515887e-06,1
baca,3.0933399757486767e-06,1.2605871379491873e-06,2
buff,3.0625890649389477e-06,3.0625890649389477e-06,1
jualan,3.059171031054575e-06,3.059171031054575e-06,3
hib,3.052827370993327e-06,3.052827370993327e-06,1
ukau,3.052424523048103e-06,3.052424523048103e-06,1
jual,3.038649036170682e-06,-1.6615423010080122e-07,2
solusi,3.0003418360138312e-06,3.0003418360138312e-06,1
politik,2.992881723912433e-06,-2.992881723912433e-06,1
vokal,2.9920203887741082e-06,2.9920203887741082e-06,1
bermakna,2.987603278597817e-06,2.987603278597817e-06,1
hahahaha,2.9862893134122715e-06,2.9862893134122715e-06,1
kesehatan,2.9848819103790445e-06,-2.9848819103790445e-06,1
perpaduan,2.9844631571904757e-06,-2.9844631571904757e-06,1
pol,2.971042795894284e-06,2.971042795894284e-06,3
tron,2.968598413038611e-06,2.968598413038611e-06,4
pejabat,2.9505245056498096e-06,-2.9505245056498096e-06,3
enis,2.9238404677016662e-06,-2.9238404677016662e-06,1
dpt,2.910563020122936e-06,-2.676744374184636e-06,2
pes,2.9011762744630686e-06,2.9011762744630686e-06,1
ar,2.888831372062365e-06,2.5039848299153766e-06,6
terbuka,2.886469621444121e-06,2.886469621444121e-06,1
baso,2.8742113936459648e-06,2.8742113936459648e-06,1
tommy,2.871735967346467e-06,-2.871735967346467e-06,1
sdh,2.868754266273754e-06,-2.868754266273754e-06,4
demi,2.868452880647965e-06,2.868452880647965e-06,4
gar,2.7935462712775916e-06,-2.7935462712775916e-06,1
laptop,2.71878665080294e-06,2.71878665080294e-06,1
ton,2.7174651040695607e-06,2.7174651040695607e-06,1
ni,2.7168137057742568e-06,2.7168137057742568e-06,3
palsu,2.6983984811522535e-06,-1.7885114815726412e-06,7
kena,2.687831874936819e-06,2.687831874936819e-06,2
referensi,2.6660398434614764e-06,2.6660398434614764e-06,1
ep,2.6632311491994187e-06,2.6632311491994187e-06,3
harusnya,2.6353259163443e-06,-2.6353259163443e-06,1
rak,2.615019213408232e-06,2.615019213408232e-06,1
waria,2.6041405217256397e-06,2.6041405217256397e-06,1
sehat,2.6002876329584978e-06,-8.343240260728635e-07,2
eng,2.6000146463047714e-06,-2.1339746890589596e-06,3
happy,2.55980268411804e-06,2.55980268411804e-06,1
gm,2.5596427081561716e-06,2.559642707119782e-06,3
bajunya,2.5492614950053393e-06,2.5492614950053393e-06,1
pemerintah,2.5436088919172285e-06,-2.5436088919172285e-06,5
toko,2.535059433284914e-06,-2.535059433284914e-06,1
haus,2.5311996505479327e-06,2.5311996505479327e-06,1
tukang,2.523168943298515e-06,2.523168943298515e-06,1
ap,2.5067247297556604e-06,-1.8649338126124349e-06,2
jgn,2.5059662366402334e-06,-2.5059662366402334e-06,3
tidur,2.4991749960463493e-06,-2.4991749960463493e-06,1
40,2.4912199152241748e-06,2.4912199152241748e-06,2
gini,2.484023534634616e-06,2.102894890413154e-06,3
kedua,2.4818655583658256e-06,2.4818655583658256e-06,1
web,2.4738464016991202e-06,2.4738464016991202e-06,1
bud,2.4666798929394827e-06,-2.4666798929394827e-06,2
mama,2.462869440932991e-06,2.462869440932991e-06,1
kasus,2.4562499359893284e-06,2.0818544484820665e-07,5
utang,2.4538069992559033e-06,2.4538069992559033e-06,1
diselesaikan,2.4493322198395618e-06,2.4493322198395618e-06,1
uh,2.4385879223700613e-06,-2.253484599350486e-06,4
isan,2.4380488648603204e-06,8.061803928285372e-07,2
serupa,2.4016379247768782e-06,2.4016379247768782e-06,1
bah,2.4001407080504577e-06,-2.118648535300357e-06,6
berbeda,2.3969942922121844e-06,-2.3969942922121844e-06,2
semoga,2.3901334552647314e-06,2.3901334552647314e-06,4
amazing,2.387198532233015e-06,2.387198532233015e-06,1
bass,2.3865394023035575e-06,2.3865394023035575e-06,3
jember,2.3818459012545645e-06,2.3818459012545645e-06,1
ae,2.374110365053639e-06,-2.374110365053639e-06,1
loh,2.3433990863850342e-06,2.3433990863850342e-06,1
kira,2.341639474200528e-06,2.3402819734267187e-06,2
masya,2.328594491700642e-06,-2.328594491700642e-06,1
best,2.299955012858845e-06,2.299955012858845e-06,1
bng,2.297735709847378e-06,-2.297735709847378e-06,3
katanya,2.29062742437236e-06,2.29062742437236e-06,1
uhan,2.267647687403951e-06,2.267647687403951e-06,1
jelas,2.2525344094605507e-06,-2.0429684307897144e-06,9
iu,2.250075232344291e-06,-1.4637805955620327e-06,2
eli,2.2424873095587827e-06,-2.2424873095587827e-06,2
thanks,2.209430007496849e-06,2.209430007496849e-06,1
karna,2.2092160367416605e-06,2.2092160367416605e-06,3
videonya,2.2063814467401243e-06,2.2063814467401243e-06,2
kemana,2.2042670088922022e-06,2.202947748628503e-06,2
koi,2.1999127566232346e-06,-2.1999127566232346e-06,1
mereka,2.1897302867728286e-06,1.364014511636924e-06,6
skill,2.1667022780699577e-06,2.1667022780699577e-06,2
dend,2.1487824706127866e-06,2.1487824706127866e-06,1
moon,2.1418478761060058e-06,-1.925009058408357e-06,3
berbayar,2.135029462806415e-06,2.135029462806415e-06,1
lucu,2.113661183102522e-06,2.113661183102522e-06,1
den,2.100196229366702e-06,-1.865340659787762e-06,3
kon,2.0807023865927475e-06,-2.0807023865927475e-06,2
ede,2.0511965849436818e-06,2.0511965849436818e-06,1
amien,2.0422828529262915e-06,2.0422828529262915e-06,1
gara,2.0384340459713714e-06,2.0384340459713714e-06,1
ngak,2.0329141116235404e-06,-2.0329141116235404e-06,1
uu,2.031744787018397e-06,-2.031744787018397e-06,1
server,2.030170064244885e-06,2.030170064244885e-06,1
tenda,2.028501170570962e-06,2.028501170570962e-06,1
rd,2.0154761150479318e-06,2.0154761150479318e-06,1
ekonomi,2.0058349873579573e-06,-2.0058349873579573e-06,1
harian,2.0038158254465087e-06,2.0038158254465087e-06,2
diberi,1.9993238456663677e-06,1.9993238456663677e-06,1
kenyamanan,1.9970361099694857e-06,1.9970361099694857e-06,1
dr,1.99110340251274e-06,1.4605793702074921e-06,6
tengah,1.988056706977659e-06,-4.6096717960608655e-07,3
pemeriksaan,1.9870302130584605e-06,-1.968718359421473e-06,2
open,1.984520713449456e-06,-1.984520713449456e-06,1
bn,1.984408554562833e-06,-1.984408554562833e-06,1
musik,1.979400112759322e-06,1.979400112759322e-06,1
dibanding,1.9728822298930027e-06,1.9728822298930027e-06,1
ngeh,1.969726785318926e-06,1.969726785318926e-06,1
sampe,1.9685765146277846e-06,1.311643107328564e-06,3
tif,1.9528641132637857e-06,-1.9528641132637857e-06,1
ingnya,1.948643839568831e-06,-1.948643839568831e-06,1
aturan,1.940886886586668e-06,2.918286518251989e-07,2
ketakutan,1.9399521479499528e-06,1.9399521479499528e-06,1
dunia,1.935106800374342e-06,1.8834782422345596e-06,2
perkalian,1.9338731035531966e-06,1.9338731035531966e-06,1
roy,1.931332768435823e-06,-1.931332768435823e-06,4
kampus,1.9296618302178104e-06,-1.2878333182015923e-06,2
tp,1.9182409831725137e-06,-1.8817905615920297e-06,7
postingan,1.9143610770697705e-06,1.9143610770697705e-06,1
iii,1.9109912100248038e-06,1.9109912100248038e-06,1
plus,1.8901242593888332e-06,1.8901242573160542e-06,2
bingk,1.8807546075549908e-06,1.8807546075549908e-06,1
uk,1.8759992817649618e-06,-1.8759992817649618e-06,1
nikmati,1.8744234403129667e-06,1.8744234403129667e-06,1
seminggu,1.8615310327732005e-06,1.8615310327732005e-06,1
inc,1.8613434440339916e-06,1.8613434440339916e-06,1
kasi,1.852649642387405e-06,-1.852649642387405e-06,1
ayam,1.8472403862688225e-06,1.8472403862688225e-06,3
ing,1.843951788295328e-06,-5.066446465360241e-07,6
sengaja,1.8390570548945106e-06,1.8390570548945106e-06,2
gad,1.8282233213540167e-06,-1.3664473226526752e-06,4
keber,1.8194883086835033e-06,1.8194883086835033e-06,1
ny,1.8192577554145829e-06,-4.437272145878524e-07,3
terharu,1.8177485762862489e-06,-1.8177485762862489e-06,1
ric,1.8176628545916173e-06,1.8176628545916173e-06,1
ditemui,1.8111659410351423e-06,1.8111659410351423e-06,1
38,1.809794695873279e-06,1.809794695873279e-06,1
sal,1.8094467959599569e-06,-1.8094467959599569e-06,1
pak,1.8092537993652514e-06,-1.8092537993652514e-06,6
kocak,1.8011364882113413e-06,1.8011364882113413e-06,1
jangka,1.7888296642922797e-06,-1.7888296642922797e-06,1
gtu,1.7767236531653908e-06,1.7288294657191728e-06,2
aaaaa,1.7697465009405277e-06,-1.7697465009405277e-06,1
de,1.768881680618506e-06,-1.768881680618506e-06,1
roti,1.7628254718147219e-06,1.7628254718147219e-06,1
penolong,1.7550079428474418e-06,1.7550079428474418e-06,1
ganti,1.7535908264108002e-06,1.659150882915128e-06,3
minggu,1.750621318933554e-06,-1.750621318933554e-06,1
sembarangan,1.7487156801507808e-06,-1.7487156801507808e-06,1
honda,1.7331835551885889e-06,-1.6673967038514093e-06,2
ecil,1.7327320153223506e-06,1.7327320153223506e-06,1
tmn,1.7277253318752627e-06,1.7277253318752627e-06,1
ria,1.7143894692708272e-06,1.7143894692708272e-06,1
pahit,1.7095439325203188e-06,1.7095439325203188e-06,1
dil,1.706401031697169e-06,1.706401031697169e-06,1
buktikan,1.7027437369796354e-06,-1.7027437369796354e-06,2
kebijakan,1.7003751781885512e-06,-1.7003751781885512e-06,2
nga,1.6800730222712445e-06,-1.671767532116064e-06,2
antui,1.6744482854846866e-06,1.6744482854846866e-06,1
bru,1.6728838672861457e-06,1.6728838672861457e-06,1
suspensi,1.670290374022443e-06,-1.670290374022443e-06,1
nig,1.6700065025361255e-06,1.6700065025361255e-06,1
tambah,1.669768251304049e-06,1.669768251304049e-06,1
terakhir,1.669087607297115e-06,1.669087607297115e-06,1
tambahan,1.6637306689517573e-06,1.6637306689517573e-06,1
selesai,1.655797561397776e-06,1.655797561397776e-06,1
vidio,1.6495668969582766e-06,1.6495668969582766e-06,1
sl,1.6483576700920822e-06,1.0367083359597018e-07,4
tarik,1.6371782185160554e-06,1.6371782185160554e-06,1
sedikit,1.6290462817640797e-06,2.1076826759314249e-07,3
absolut,1.6287483013002202e-06,1.5037089033285157e-06,2
ll,1.6232302932621678e-06,1.6232302932621678e-06,1
pc,1.6180895618163049e-06,1.6180895618163049e-06,1
mengejutkan,1.6156969795702025e-06,1.6156969795702025e-06,1
doang,1.6032275921133987e-06,1.6032275921133987e-06,2
nyanyi,1.6031158447731287e-06,1.6031158447731287e-06,1
terselesaikan,1.5962188990670256e-06,1.5962188990670256e-06,1
if,1.5855756828386801e-06,1.5855756828386801e-06,1
samb,1.5847921167733149e-06,1.5847921167733149e-06,1
udang,1.5766643518873024e-06,1.5766643518873024e-06,1
uy,1.5731840976513923e-06,1.5731840976513923e-06,1
pedagang,1.5691757434979081e-06,1.5691757434979081e-06,1
tua,1.5680957658332772e-06,1.5680957658332772e-06,1
imo,1.5660191129427403e-06,1.5660191129427403e-06,2
ismail,1.5604446380166337e-06,1.5604446380166337e-06,1
mo,1.5551720564975362e-06,1.5315036222897512e-06,2
maaf,1.549062697967894e-06,-1.2937739962305943e-06,4
gon,1.5403987181343836e-06,-1.5403987181343836e-06,1
pinggir,1.538563556096051e-06,1.538563556096051e-06,1
cuci,1.5273145254468546e-06,-1.5273145254468546e-06,1
sound,1.5259361527896949e-06,-1.3972929875636005e-06,3
smp,1.5079132135724649e-06,-1.5079132135724649e-06,1
ill,1.5064225299283862e-06,1.5064225299283862e-06,1
kalian,1.498106896178797e-06,-1.498106896178797e-06,4
makmur,1.4952046913094818e-06,1.4952046913094818e-06,1
lenovo,1.488671827246435e-06,-1.488671827246435e-06,1
muak,1.4855558874842246e-06,-1.4855558874842246e-06,2
buruan,1.4846953854430468e-06,1.4846953854430468e-06,1
oo,1.4821162628019618e-06,1.446357258222027e-06,2
duet,1.4777085598325356e-06,1.4777085598325356e-06,1
thailand,1.4706793917866889e-06,-1.4706793917866889e-06,1
kk,1.4468401059275493e-06,-1.4468401059275493e-06,1
sate,1.4388707386387978e-06,-5.295109076541848e-08,3
over,1.4379428084607858e-06,-1.4333530790569054e-06,3
presiden,1.4304135764177772e-06,-1.4304135764177772e-06,3
bosen,1.4285122306318953e-06,1.4285122306318953e-06,1
lembut,1.4254297893785406e-06,1.4254297893785406e-06,1
properti,1.4249442174332217e-06,1.4249442174332217e-06,1
umpan,1.4090439872234128e-06,1.4090439872234128e-06,1
voc,1.4057085063541308e-06,1.4057085063541308e-06,1
tersangka,1.3910982524976133e-06,1.3910982524976133e-06,1
perlindungan,1.3904274674132467e-06,-1.3904274674132467e-06,1
provider,1.3857531521352938e-06,-1.3857531521352938e-06,1
pikir,1.3815567435813136e-06,-1.3815567435813136e-06,2
pn,1.3767187119810843e-06,-1.543412436149083e-07,3
ganteng,1.3750579673796892e-06,1.3750579673796892e-06,1
fo,1.3665602746186778e-06,1.3665602746186778e-06,1
sesat,1.3657196541316806e-06,1.3657196541316806e-06,1
diamond,1.3652025663759559e-06,1.3652025663759559e-06,1
klw,1.3646178704220802e-06,-1.3646178704220802e-06,1
panjang,1.3602591643575578e-06,1.3602591643575578e-06,1
keb,1.3527321279980241e-06,1.2866288016084581e-06,2
lupa,1.352547202259302e-06,1.352547202259302e-06,2
dps,1.3516970864743816e-06,1.3516970864743816e-06,1
said,1.3504257804015651e-06,-1.3504257804015651e-06,1
mengingat,1.3492768266587519e-06,-1.3492768266587519e-06,1
taman,1.346656667010393e-06,1.346656667010393e-06,1
pemak,1.3448542849801016e-06,-1.3448542849801016e-06,1
suaranya,1.3426975056063384e-06,1.3426975056063384e-06,2
polisi,1.3413587327401427e-06,-1.3403668596462619e-06,3
cak,1.3410249594016933e-06,-1.3410249594016933e-06,1
kun,1.3364595579332672e-06,-4.6801759890513496e-07,2
ingin,1.3311899710970465e-06,1.3311899710970465e-06,1
harganya,1.3309040805324913e-06,1.3309040805324913e-06,1
sad,1.3305948450579308e-06,1.3305948450579308e-06,1
makannya,1.3301407961989754e-06,-1.3301407961989754e-06,1
medsos,1.3299171332619153e-06,1.3299171332619153e-06,1
past,1.326548579527298e-06,-1.326548579527298e-06,1
udh,1.3237113271316048e-06,-1.3237113271316048e-06,1
raw,1.3225936054368503e-06,1.3225936054368503e-06,1
pastinya,1.318507464020513e-06,1.318507464020513e-06,1
sulit,1.3078543452138547e-06,-1.3078543452138547e-06,1
menerima,1.3072685615043155e-06,1.3072685615043155e-06,1
cash,1.297005743253976e-06,1.297005743253976e-06,1
internasional,1.2953041587024927e-06,1.2953041587024927e-06,1
terlalu,1.293050672882805e-06,3.93450953759157e-08,3
kambing,1.2926108283863868e-06,1.2926108283863868e-06,3
ul,1.290453194087604e-06,-5.564591010625008e-07,3
terburuk,1.2679908686550333e-06,1.2679908686550333e-06,1
lot,1.260788420283158e-06,1.260788420283158e-06,1
pemula,1.2571106417453847e-06,1.2571106417453847e-06,1
ij,1.2500567536335438e-06,1.2444414751371369e-06,3
ud,1.248706059413962e-06,-1.248706059413962e-06,2
ris,1.2466267835407053e-06,-1.2466267835407053e-06,4
nunggu,1.244290207978338e-06,1.244290207978338e-06,1
rutinitas,1.237677875906229e-06,1.237677875906229e-06,1
ak,1.2174194343970157e-06,1.995040656765923e-08,2
merdu,1.2081182212568819e-06,1.2081182212568819e-06,1
atlantik,1.2080910964868964e-06,-1.2080910964868964e-06,1
pd,1.205718068376882e-06,-1.147238628618652e-06,2
soft,1.1969215665885712e-06,1.1969215665885712e-06,1
salah,1.18706509238109e-06,-1.18706509238109e-06,4
age,1.1832308518933133e-06,1.1832308518933133e-06,1
dalem,1.1783361696870998e-06,1.1783361696870998e-06,1
takdir,1.176896163087804e-06,-1.176896163087804e-06,1
ange,1.1741860362235456e-06,1.1741860362235456e-06,1
inovatif,1.1706756777130068e-06,1.1706756777130068e-06,1
keliatan,1.1688682534440887e-06,5.701685331587214e-07,5
aman,1.1685601130011492e-06,-1.1685601130011492e-06,1
suara,1.166043772858679e-06,9.583175426506256e-07,3
netral,1.1652687153400621e-06,-1.1652687153400621e-06,2
ipar,1.1588036923058099e-06,-1.1588036923058099e-06,1
air,1.156228369445454e-06,1.129088231600907e-06,3
sp,1.1548775364644826e-06,-1.1548775364644826e-06,1
op,1.1537607430963202e-06,-1.1537607418123277e-06,2
satu,1.1500692523604346e-06,-1.1386346143645382e-06,4
anwar,1.1438065976108192e-06,1.1438065976108192e-06,1
humor,1.143772722571157e-06,-1.143772722571157e-06,1
usman,1.141687365816324e-06,1.141687365816324e-06,1
bor,1.1329350745654664e-06,-1.1329350745654664e-06,1
un,1.1292891795164906e-06,1.1292891795164906e-06,2
etis,1.1289486428722738e-06,1.1289486428722738e-06,1
cl,1.1240261592320166e-06,1.1240261592320166e-06,1
too,1.1190735967829824e-06,-1.1190735967829824e-06,1
lar,1.1187056952621787e-06,1.1187056952621787e-06,1
aks,1.1164969255332835e-06,1.1164969255332835e-06,1
brow,1.1104033110314048e-06,1.1104033110314048e-06,1
bumbu,1.0918812822637846e-06,1.0918812822637846e-06,2
osaurus,1.0808092192746699e-06,-1.0808092192746699e-06,1
dm,1.079746725736186e-06,1.079746725736186e-06,1
rekomendasi,1.0793563560582698e-06,1.0793563560582698e-06,3
responsif,1.0767003586806823e-06,1.0767003586806823e-06,1
berjalan,1.0718678604462184e-06,-6.4466424373677e-07,2
berlangganan,1.06959899130743e-06,1.06959899130743e-06,2
sens,1.0695388555177488e-06,-1.0695388555177488e-06,1
sebanyak,1.067363038600888e-06,1.067363038600888e-06,1
secara,1.06695268632393e-06,9.237722361831402e-07,3
ora,1.0665541340131313e-06,-1.0665541340131313e-06,1
pendidikan,1.0660204352461733e-06,-1.0660204352461733e-06,1
heav,1.0649306859704666e-06,1.0649306859704666e-06,1
kenyataan,1.0536718764342367e-06,1.0536718764342367e-06,1
dengerin,1.0514428722672165e-06,-1.0514428722672165e-06,1
rid,1.0445888983667827e-06,1.0445888983667827e-06,1
jl,1.0441346385050565e-06,1.0441346385050565e-06,1
any,1.0425039872643538e-06,-1.0425039872643538e-06,1
zul,1.0424573956697713e-06,1.0424573956697713e-06,1
malah,1.0386643771198579e-06,2.76470796961803e-07,6
ilmuan,1.0363953406340442e-06,1.0363953406340442e-06,1
dana,1.0332909114367794e-06,1.0332909114367794e-06,1
kanan,1.031707230140455e-06,1.031707230140455e-06,1
atta,1.0288687517459038e-06,1.0288687517459038e-06,1
ntar,1.026377074595075e-06,1.026377074595075e-06,1
mandi,1.0204419668298214e-06,1.0204419668298214e-06,2
bersaing,1.0178269076277502e-06,-4.396778458612971e-07,2
ngikut,1.0172507609240711e-06,-1.0172507609240711e-06,1
asah,1.0157995711779221e-06,-1.0157995711779221e-06,3
ditambah,1.0152083632419816e-06,1.0152083632419816e-06,1
tekstur,1.0093832534039394e-06,1.0093832534039394e-06,1
idi,1.008376908430364e-06,-1.008376908430364e-06,1
alan,1.0081943473778666e-06,-1.0081943473778666e-06,1
peningkatan,1.005807687761262e-06,1.005807687761262e-06,1
set,9.889532229863107e-07,9.889532229863107e-07,1
dh,9.81825651251711e-07,-9.81825651251711e-07,1
ikutan,9.816650781431236e-07,9.816650781431236e-07,1
banteng,9.816111196414568e-07,9.816111196414568e-07,1
usaha,9.792963865038473e-07,7.72168754338054e-07,2
negeri,9.682801796770945e-07,-9.615128051336796e-07,3
ha,9.623924415791407e-07,9.623924415791407e-07,3
penet,9.600368139217607e-07,9.600368139217607e-07,1
bogor,9.502223474555649e-07,9.502223474555649e-07,1
capek,9.473831785726361e-07,9.465456489124336e-07,2
he,9.401147653989029e-07,-9.401147653989029e-07,1
ember,9.36175521928817e-07,9.36175521928817e-07,1
berkualitas,9.359442634102026e-07,-9.359442634102026e-07,2
gambaran,9.309541565016844e-07,9.309541565016844e-07,1
pembahasan,9.270138179999776e-07,9.270138179999776e-07,1
panggung,9.264000909752213e-07,9.264000909752213e-07,1
kenapa,9.180438064504415e-07,-9.180438064504415e-07,1
bakso,9.05174427316524e-07,9.05174427316524e-07,1
sos,9.025947947520762e-07,-9.025947947520762e-07,1
drama,8.929653340601363e-07,8.929653340601363e-07,1
bunuh,8.902779518393799e-07,-8.902779518393799e-07,1
perusahaan,8.877378055720848e-07,-8.877378055720848e-07,2
real,8.787092156126164e-07,-8.787092156126164e-07,2
ic,8.770499734964687e-07,-5.129375895194244e-07,2
sini,8.731972375244367e-07,8.731972375244367e-07,1
kwkw,8.726139203645289e-07,-8.726139203645289e-07,1
leng,8.641927197459154e-07,-8.641927197459154e-07,1
tergabung,8.632956560177263e-07,8.632956560177263e-07,1
ajah,8.629225176264299e-07,-8.629225176264299e-07,2
lu,8.569073979742825e-07,7.405422511510551e-07,3
barak,8.479840325890109e-07,-8.479840325890109e-07,1
ditunjuk,8.442176476819441e-07,8.442176476819441e-07,1
ulu,8.335763122886419e-07,8.335763122886419e-07,1
nongol,8.33006895845756e-07,8.33006895845756e-07,1
jurus,8.309275872306898e-07,8.309275872306898e-07,1
kwk,8.292635029647499e-07,-8.292635029647499e-07,1
wajib,8.275371437775903e-07,8.275371437775903e-07,1
wajah,8.255942811956629e-07,-8.255942811956629e-07,1
prabowo,8.254046755869889e-07,-3.348179757917283e-07,6
nd,8.251823746832088e-07,-8.251823746832088e-07,1
sem,8.240021925303153e-07,8.240021925303153e-07,1
pi,8.219397866067832e-07,-8.219397853227908e-07,2
wan,8.212074026232585e-07,-8.212074026232585e-07,1
li,8.170900507442032e-07,-7.170673159028714e-07,6
rate,8.137061922752764e-07,8.137061922752764e-07,1
kotak,8.101252897176891e-07,8.101252897176891e-07,1
mengandalkan,8.091746447982066e-07,8.091746447982066e-07,1
keman,8.089895673037972e-07,8.089895673037972e-07,1
pilpres,8.024060407478828e-07,-8.024060407478828e-07,1
ijo,7.996890344657004e-07,7.996890344657004e-07,1
z,7.977704255027867e-07,7.977704255027867e-07,5
klu,7.955850451253355e-07,-7.955850451253355e-07,1
owo,7.946430305310059e-07,7.946430305310059e-07,2
seg,7.932929729577154e-07,-7.932929729577154e-07,1
diterapkan,7.880076791479951e-07,7.880076791479951e-07,1
int,7.830956237739883e-07,7.830956237739883e-07,1
nasi,7.82711140345782e-07,4.4338617590256035e-07,3
nir,7.822786938049831e-07,-7.822786938049831e-07,1
the,7.795436540618539e-07,-3.3241190249100326e-07,3
bus,7.780092128086835e-07,-7.780092128086835e-07,2
filter,7.776924030622467e-07,7.776924030622467e-07,1
ama,7.714597741141915e-07,-7.714597741141915e-07,1
kyk,7.644075631755446e-07,-7.590020504072267e-07,2
mudah,7.618594279039017e-07,7.618594279039017e-07,3
baterai,7.592256151838228e-07,7.592256151838228e-07,1
belok,7.582660036860033e-07,7.582660036860033e-07,1
btw,7.531071853009053e-07,-7.531071853009053e-07,2
penjara,7.481895876740704e-07,-1.7740748392368136e-07,4
menegakkan,7.427630116580985e-07,-7.427630116580985e-07,1
eri,7.425704825436696e-07,-7.425704825436696e-07,1
daripada,7.381557588814757e-07,7.381557588814757e-07,1
kiri,7.321622688323259e-07,7.321622688323259e-07,1
taun,7.308304011530708e-07,7.308304011530708e-07,2
jiwa,7.280024001374841e-07,7.280024001374841e-07,1
so,7.27234070569359e-07,-7.272340692853665e-07,3
ded,7.196310398285277e-07,7.196310398285277e-07,1
adalah,7.170447432404866e-07,7.170447432404866e-07,4
tugasnya,7.152201724238693e-07,7.152201724238693e-07,1
swt,7.149490556912497e-07,-7.149490556912497e-07,1
diri,7.101833180058747e-07,7.101833180058747e-07,1
gib,7.078327311319299e-07,7.078327311319299e-07,2
refl,7.045608872431331e-07,-7.045608872431331e-07,1
anda,7.016890816605435e-07,-4.79754082670507e-07,3
ampas,6.94876944180578e-07,6.94876944180578e-07,1
rival,6.901634891012994e-07,6.901634891012994e-07,1
berikan,6.889064788992982e-07,6.889064788992982e-07,1
che,6.808543694205582e-07,6.808543694205582e-07,1
hambanya,6.803266805945896e-07,-6.803266805945896e-07,1
wed,6.802677089581267e-07,-6.802677089581267e-07,1
ngomong,6.798449758207426e-07,-6.798449758207426e-07,1
kemah,6.793168722651899e-07,6.793168722651899e-07,1
apaan,6.790030456613749e-07,-6.790030456613749e-07,1
tin,6.765636062482372e-07,6.765636062482372e-07,1
cukuplah,6.75252053042641e-07,-6.75252053042641e-07,1
sadar,6.746849030605517e-07,6.746849030605517e-07,1
mirror,6.741543184034526e-07,-6.741543184034526e-07,1
mb,6.73154994728975e-07,-6.73154994728975e-07,1
diatur,6.70248962705955e-07,6.70248962705955e-07,1
inovasi,6.697228091070428e-07,6.697228091070428e-07,1
13,6.662356542673318e-07,-6.662356529833393e-07,2
am,6.632774893660099e-07,-6.632774893660099e-07,1
kaga,6.619615451199934e-07,-6.619615451199934e-07,1
rip,6.615974998567253e-07,-6.615974998567253e-07,1
takut,6.551815001460324e-07,3.439418817704011e-07,3
gambar,6.545604446728248e-07,6.545604446728248e-07,1
bas,6.505283381557092e-07,6.505283381557092e-07,1
gt,6.497108988696709e-07,-6.497108988696709e-07,1
herman,6.465402839239687e-07,6.465402839239687e-07,1
pengacara,6.44272229692433e-07,6.44272229692433e-07,1
bes,6.412017246475443e-07,6.412017246475443e-07,1
battle,6.410255518858321e-07,-6.410255518858321e-07,1
bermasalah,6.406524698832072e-07,6.406524698832072e-07,1
usah,6.40472695522476e-07,-6.40472695522476e-07,1
kepolisian,6.376477831508964e-07,-6.376477831508964e-07,1
waktunya,6.306797768047545e-07,6.306797768047545e-07,1
bk,6.290130622801371e-07,-6.253528626984916e-07,2
ser,6.28015935944859e-07,6.28015935944859e-07,1
ord,6.265922711463645e-07,6.265922711463645e-07,1
sana,6.2448407697957e-07,-6.2448407697957e-07,1
koruptor,6.230938852240797e-07,-6.230938852240797e-07,2
batangan,6.209050116012804e-07,-6.209050116012804e-07,1
otomotif,6.183192817843519e-07,-6.183192817843519e-07,1
adi,6.067314971005544e-07,-6.067314971005544e-07,2
magic,6.051684249541722e-07,6.051684249541722e-07,1
berarti,6.031185075698886e-07,-2.7259325361228547e-07,2
kur,6.020451110089198e-07,6.020451110089198e-07,1
toh,5.956745953881182e-07,-5.956745953881182e-07,1
wk,5.945228494965704e-07,-5.945228494965704e-07,2
touch,5.915838410146535e-07,5.915838410146535e-07,1
nu,5.896730472159106e-07,5.896730472159106e-07,2
comment,5.87710936088115e-07,-5.87710936088115e-07,1
space,5.873067281808129e-07,3.8896214455770164e-07,3
tegas,5.852806879374839e-07,-5.852806879374839e-07,3
ugm,5.839506629854441e-07,5.839506629854441e-07,1
semakin,5.813871066493448e-07,-5.029064741393085e-07,2
mung,5.780235005659052e-07,-5.780235005659052e-07,1
padahal,5.761137733012826e-07,-4.862332565001755e-07,2
mirip,5.740325359511189e-07,5.740325359511189e-07,1
familiar,5.738969339290633e-07,5.738969339290633e-07,1
me,5.733226353186182e-07,5.733226353186182e-07,1
list,5.731775891035795e-07,5.731775891035795e-07,1
dibunuh,5.684029601980001e-07,5.684029601980001e-07,1
dll,5.677499511875794e-07,-3.6902636293234537e-07,3
nas,5.669762467732653e-07,5.669762467732653e-07,1
suruh,5.660793103743344e-07,3.7941316259093583e-07,2
cd,5.599963114946149e-07,5.599963114946149e-07,1
hig,5.577816482400522e-07,-5.577816482400522e-07,1
lolos,5.577443625952583e-07,5.577443625952583e-07,1
tontonan,5.561463622143492e-07,5.561463622143492e-07,1
sat,5.537461256608367e-07,5.537461256608367e-07,1
tahan,5.534141746466048e-07,5.534141746466048e-07,1
kl,5.53178979834921e-07,-5.53178979834921e-07,3
lawan,5.51272627490107e-07,-4.6528747043339535e-07,2
bosan,5.504597429535352e-07,5.504597429535352e-07,1
pun,5.496084922924637e-07,-4.600948886945844e-08,2
beliau,5.484576558956177e-07,5.484576558956177e-07,2
durasi,5.456414073705674e-07,5.456414073705674e-07,1
bel,5.440406239358708e-07,5.440406239358708e-07,1
52,5.428856529761106e-07,5.428856529761106e-07,1
dikasih,5.417204524746921e-07,5.417204524746921e-07,2
innya,5.413078106357716e-07,5.413078106357716e-07,1
18,5.375857885423162e-07,-5.375857885423162e-07,2
bers,5.347582045942544e-07,5.347582045942544e-07,1
liberty,5.315113376127556e-07,5.315113376127556e-07,1
tinggalkan,5.297301977407187e-07,-5.297301977407187e-07,1
sn,5.280464574752841e-07,-5.280464574752841e-07,1
eee,5.228219270065892e-07,-5.228219270065892e-07,1
hm,5.222708496148698e-07,5.222708496148698e-07,1
great,5.198793751333141e-07,5.198793751333141e-07,1
half,5.191973395994864e-07,-5.191973395994864e-07,1
lambat,5.17603381013032e-07,-5.17603381013032e-07,1
ii,5.17529777425807e-07,5.17529777425807e-07,1
penguasa,5.148401469341479e-07,-5.148401469341479e-07,1
galak,5.060101138951722e-07,5.060101138951722e-07,1
erb,5.013241679989733e-07,5.013241679989733e-07,1
butuh,5.008765692764427e-07,5.008765692764427e-07,1
akk,5.001732060918585e-07,-5.001732060918585e-07,1
ip,4.982495705744008e-07,4.461689128393551e-07,2
ternak,4.92641149321571e-07,4.92641149321571e-07,2
murah,4.913735283480492e-07,-4.913735283480492e-07,1
cek,4.905246023554355e-07,-4.905246023554355e-07,2
undang,4.897433973383159e-07,4.897433973383159e-07,1
belanja,4.872625431744382e-07,4.872625431744382e-07,1
full,4.860010085394606e-07,4.860010085394606e-07,1
sejauh,4.858043794229161e-07,-4.858043794229161e-07,1
angin,4.842828093387652e-07,4.842828093387652e-07,1
ri,4.833172306462075e-07,-4.833172306462075e-07,3
ment,4.800405286005116e-07,3.657192219179706e-07,3
ug,4.772993561346084e-07,4.772993561346084e-07,2
el,4.7584784624632447e-07,-4.7584784624632447e-07,1
ow,4.708620035671629e-07,-4.708620035671629e-07,1
kmu,4.702532314695418e-07,-4.702532314695418e-07,1
kontroversi,4.6946137445047497e-07,4.6946137445047497e-07,1
biar,4.6857691299381804e-07,2.740568158114129e-07,6
emas,4.649479742511176e-07,-4.649479742511176e-07,1
hit,4.6157140604918825e-07,4.6157140604918825e-07,1
bagi,4.614073804987129e-07,-1.986192110052798e-07,2
kepada,4.603915094776312e-07,4.603915094776312e-07,2
wedding,4.60006690263981e-07,4.60006690263981e-07,1
jaman,4.5926639086246725e-07,4.5926639086246725e-07,2
repair,4.588464871631004e-07,-4.588464871631004e-07,1
sparepart,4.5866246364312246e-07,-4.5866246364312246e-07,1
terasa,4.574941704049706e-07,-4.574941704049706e-07,1
bod,4.555293708108366e-07,-4.555293708108366e-07,1
wis,4.539818182820454e-07,-4.539818182820454e-07,1
ramah,4.5264304935699326e-07,4.5264304935699326e-07,1
oph,4.497213521972299e-07,-4.497213521972299e-07,1
bibir,4.4853705912828445e-07,4.4853705912828445e-07,1
puy,4.4847313984064383e-07,-4.4847313984064383e-07,1
lho,4.483461161726154e-07,-4.483461161726154e-07,1
jadul,4.467541293706745e-07,4.467541293706745e-07,1
skrng,4.459892406885047e-07,-4.459892406885047e-07,1
bulat,4.459764240891673e-07,4.459764240891673e-07,1
always,4.434899601619691e-07,-4.434899601619691e-07,1
bagaimana,4.4303896358122493e-07,-4.4303896358122493e-07,3
kunjungi,4.388403322082013e-07,4.388403322082013e-07,1
ao,4.3699805610231125e-07,-4.3699805610231125e-07,2
bahwa,4.3636190457618796e-07,-4.3636190457618796e-07,1
bebas,4.298495769035071e-07,4.298495769035071e-07,1
box,4.270322315278463e-07,4.270322315278463e-07,1
berpendapat,4.270180070307106e-07,-4.270180070307106e-07,1
masalahnya,4.267461172275944e-07,-4.267461172275944e-07,1
tinggal,4.2189026595830606e-07,4.2189026595830606e-07,3
koh,4.2116108670597895e-07,-2.66298207861837e-07,2
jodoh,4.1885017890308517e-07,4.1885017890308517e-07,1
begitu,4.146304563619196e-07,4.146304563619196e-07,1
rati,4.1186366433976216e-07,4.1186366433976216e-07,1
hehe,4.079299276781967e-07,4.079299276781967e-07,1
mendukung,4.074483513250016e-07,4.074483513250016e-07,1
paparkan,4.0640948645886966e-07,4.0640948645886966e-07,1
hul,4.0600893407827243e-07,4.0600893407827243e-07,1
pelaku,4.0165432801586575e-07,3.9150029988377354e-07,2
adilan,4.0148987682187e-07,-4.0148987682187e-07,1
iiii,3.9913508226163684e-07,-3.9913508226163684e-07,1
siapa,3.983550400334934e-07,-2.8591355521712104e-07,4
prediksi,3.9771242639593157e-07,-3.9771242639593157e-07,1
mantan,3.931432765966747e-07,3.931432765966747e-07,3
dim,3.874980611726642e-07,3.874980611726642e-07,2
segera,3.8681245132465847e-07,3.8681245132465847e-07,2
beng,3.853843954857439e-07,3.853843954857439e-07,1
bj,3.810361013165675e-07,-3.810361013165675e-07,1
pemer,3.796568707912229e-07,-3.796568707912229e-07,1
stroke,3.783371139434166e-07,3.783371139434166e-07,1
chi,3.7687967460231195e-07,3.7687967460231195e-07,2
masa,3.7614049506373703e-07,3.7614049506373703e-07,1
ear,3.7135146832203163e-07,3.7135146832203163e-07,2
menikmati,3.6702657234854996e-07,3.6702657234854996e-07,1
penangkapan,3.669064390123822e-07,3.669064390123822e-07,1
wheel,3.6616787656384985e-07,-3.6616787656384985e-07,1
nanya,3.645664601208409e-07,-3.645664601208409e-07,2
isu,3.6412452755030245e-07,-3.6412452755030245e-07,2
sim,3.6140039446763693e-07,3.6140039446763693e-07,1
jepang,3.603794370974356e-07,3.5736524523599655e-07,2
lulus,3.602531578508206e-07,3.602531578508206e-07,1
suryo,3.596956375986338e-07,3.596956375986338e-07,1
ngapain,3.585654012567829e-07,-3.585654012567829e-07,1
meraup,3.5797002055915074e-07,-3.5797002055915074e-07,1
reaksi,3.5782353370450437e-07,3.5782353370450437e-07,1
alasan,3.524419337606689e-07,-3.524419337606689e-07,3
menyangka,3.5102409310638903e-07,3.5102409310638903e-07,1
st,3.5057534114457666e-07,-3.5057534114457666e-07,1
jt,3.5024508433707524e-07,3.5024508433707524e-07,2
arahi,3.4977959148818627e-07,-3.4977959148818627e-07,1
ner,3.455088099144632e-07,3.455088099144632e-07,2
bot,3.4537514147814363e-07,3.4537514147814363e-07,1
konferensi,3.4515694278525187e-07,3.4515694278525187e-07,1
terpaksa,3.4374587994534523e-07,-3.4374587994534523e-07,1
pra,3.42580686265137e-07,-3.42580686265137e-07,3
dgn,3.4156117180828003e-07,-3.4156117180828003e-07,2
lak,3.41358103469247e-07,-3.41358103469247e-07,1
pencerahan,3.402684596949257e-07,-3.402684596949257e-07,1
positif,3.394994328118628e-07,3.394994328118628e-07,1
masi,3.394817395019345e-07,3.394817395019345e-07,1
gs,3.387813568614157e-07,-3.387813568614157e-07,1
jut,3.36515688104555e-07,-3.36515688104555e-07,1
gmn,3.35555594314688e-07,-3.35555594314688e-07,1
ditonton,3.3137068385258316e-07,3.3137068385258316e-07,1
guna,3.3096901825047097e-07,-3.3096901825047097e-07,1
lamb,3.3084808819694445e-07,-3.3084808819694445e-07,1
ett,3.300289790786337e-07,3.300289790786337e-07,1
deket,3.227199777029455e-07,3.227199777029455e-07,1
price,3.2176707463804634e-07,-3.2176707463804634e-07,1
park,3.215488322894089e-07,5.13224586029537e-08,2
marah,3.2032794842962176e-07,3.2032794842962176e-07,1
tampilkan,3.1707927337265573e-07,3.1707927337265573e-07,1
master,3.167622344335541e-07,3.167622344335541e-07,1
kabar,3.144374022667762e-07,3.144374022667762e-07,2
perbandingan,3.130651057290379e-07,-3.130651057290379e-07,1
perkara,3.120503679383546e-07,-3.120503679383546e-07,1
hutang,3.1125782697927205e-07,-3.1125782697927205e-07,1
terbarunya,3.085934731643647e-07,3.085934731643647e-07,1
mm,3.0748606877750715e-07,3.0748606877750715e-07,1
begini,3.054770586459199e-07,-3.054770586459199e-07,1
dij,3.041451327590039e-07,2.9648164672835263e-07,2
alur,3.014828689629212e-07,-3.014828689629212e-07,1
menuju,3.009551364812069e-07,3.009551364812069e-07,1
pihak,2.9811381173203697e-07,-2.9811381173203697e-07,2
nda,2.953289877041243e-07,-2.953289877041243e-07,1
ac,2.953126750071533e-07,-2.953126750071533e-07,1
filmnya,2.931850322056562e-07,2.931850322056562e-07,1
under,2.92467088002013e-07,-2.92467088002013e-07,1
malu,2.922394032793818e-07,-2.922394032793818e-07,1
gusi,2.9084348013081275e-07,2.9084348013081275e-07,1
tdk,2.8808306821398824e-07,-2.8808306821398824e-07,3
mak,2.873767061828403e-07,-2.873767061828403e-07,1
next,2.8689732720197554e-07,2.86897326165586e-07,2
jdi,2.8498183382907885e-07,2.8498183382907885e-07,1
kebenaran,2.848613075911999e-07,-2.848613075911999e-07,1
teruskan,2.8251181356608865e-07,2.8251181356608865e-07,1
meras,2.8230014868313444e-07,2.8230014868313444e-07,1
are,2.822808673954569e-07,2.822808673954569e-07,1
yat,2.818054417730309e-07,2.818054417730309e-07,1
pec,2.803163087567858e-07,-2.803163087567858e-07,1
dibubarkan,2.802457456709817e-07,-2.802457456709817e-07,1
nak,2.795877958284811e-07,2.795877958284811e-07,2
dibu,2.793922139971983e-07,-2.793922139971983e-07,1
usul,2.7733664319384843e-07,-2.7733664319384843e-07,1
jm,2.7617780142463746e-07,-2.7617780142463746e-07,1
sa,2.7172366753802634e-07,2.7172366753802634e-07,1
ssss,2.7013821818400176e-07,-2.7013821818400176e-07,1
hhh,2.6811497809831055e-07,-2.6811497809831055e-07,1
pekerjaan,2.6712083490565417e-07,-2.6712083490565417e-07,1
perjuangan,2.6619253912940623e-07,-2.6619253912940623e-07,1
model,2.6382476062281057e-07,-2.6382476062281057e-07,1
dy,2.610739575175103e-07,2.610739575175103e-07,1
steering,2.6080892894242426e-07,-2.6080892894242426e-07,1
raut,2.5957699108403175e-07,-2.5957699108403175e-07,1
berdua,2.559449803811731e-07,2.559449803811731e-07,1
ontok,2.535717867431231e-07,2.535717867431231e-07,1
safari,2.527720353100449e-07,2.527720353100449e-07,1
calon,2.5240378454327584e-07,-2.5240378454327584e-07,1
zz,2.51192097493913e-07,-2.51192097493913e-07,1
ditiru,2.5113769515883177e-07,2.5113769515883177e-07,1
brand,2.500630591687999e-07,-5.250511861352911e-08,4
skr,2.483821881469339e-07,-2.483821881469339e-07,1
monster,2.477745535596863e-07,2.477745535596863e-07,2
pk,2.4624784418847413e-07,-2.4624784418847413e-07,1
kaku,2.4312559071404393e-07,-2.4312559071404393e-07,1
ged,2.4311364177265206e-07,-2.4311364177265206e-07,1
seperti,2.411712557659484e-07,2.3507467994932086e-07,3
diungkap,2.4008686159504575e-07,2.4008686159504575e-07,1
cina,2.397448633278795e-07,-2.397448633278795e-07,2
kerja,2.3798650145181454e-07,2.3027402348816395e-07,3
mungkin,2.3682863320573234e-07,-2.3682863320573234e-07,3
kkn,2.3333418903348503e-07,-2.3333418903348503e-07,1
oleh,2.3274156319530447e-07,3.303198263893137e-08,4
by,2.3230211081681773e-07,-2.3230211081681773e-07,2
mukanya,2.318515325896442e-07,-2.318515325896442e-07,1
berobat,2.3067538616790746e-07,-2.3067538616790746e-07,1
erc,2.3053902077663224e-07,-1.9862449153151828e-07,2
rugi,2.292561500022809e-07,-2.292561500022809e-07,1
pasar,2.2782892347095186e-07,-2.0492965404628194e-07,2
amat,2.26250514970161e-07,2.26250514970161e-07,1
efeknya,2.250325607227361e-07,2.250325607227361e-07,1
kebanyakan,2.2462086053565144e-07,-2.2462086053565144e-07,1
second,2.240431058453396e-07,-2.240431058453396e-07,1
apalagi,2.2151270241010933e-07,-2.2151270241010933e-07,1
bale,2.2125391114968806e-07,2.2125391114968806e-07,2
berbohong,2.2023941346560605e-07,-2.2023941346560605e-07,1
tsb,2.1882098008063622e-07,-2.1882098008063622e-07,1
ah,2.1816667867824434e-07,2.1816667867824434e-07,1
susahnya,2.1815896980115212e-07,-2.1815896980115212e-07,1
berawal,2.178186545139537e-07,2.178186545139537e-07,2
objektif,2.1768604347016663e-07,2.1768604347016663e-07,1
direvisi,2.172966233047191e-07,2.172966233047191e-07,1
sia,2.1698931595892647e-07,-2.1698931595892647e-07,2
one,2.1671697322744876e-07,-2.1671697322744876e-07,1
aim,2.13155617529992e-07,2.13155617529992e-07,1
rank,2.108867023101387e-07,2.108867023101387e-07,1
bsa,2.09402776818024e-07,2.09402776818024e-07,1
dambaan,2.0816859614569693e-07,2.0816859614569693e-07,1
ark,2.0769663387909532e-07,2.0769663387909532e-07,1
engga,2.073269606626127e-07,-2.073269606626127e-07,1
mobil,2.072898151568419e-07,-1.8294321529476668e-07,4
hal,2.069402289635036e-07,2.0086946460651234e-07,3
pembunuh,2.0544283894802597e-07,-2.0544283894802597e-07,1
anak,2.0483601838350296e-07,2.0483601838350296e-07,2
bugis,2.0403825328685343e-07,2.0403825328685343e-07,1
luas,2.0333669090177865e-07,-2.0333669090177865e-07,1
ttg,2.0156591199338437e-07,2.0156591199338437e-07,1
bambang,1.9982867343060208e-07,1.9982867343060208e-07,1
pemimpin,1.9963310842285864e-07,-1.9963310842285864e-07,1
ngin,1.9909049115085508e-07,1.9909049115085508e-07,1
ribet,1.987489918974461e-07,-6.351117517624515e-08,3
ye,1.9819967781673075e-07,-1.9819967781673075e-07,2
gpp,1.9819140288745985e-07,-1.9819140288745985e-07,1
tunjukkan,1.976154824747244e-07,-1.976154824747244e-07,2
rahmat,1.9734502348001114e-07,1.9734502348001114e-07,1
melanggar,1.9729184310158922e-07,-1.9729184310158922e-07,3
perintahkan,1.971084002434509e-07,-1.7028279944497627e-07,2
tambang,1.9639404490590095e-07,-1.9639404490590095e-07,1
ran,1.9543705784599295e-07,-1.9543705784599295e-07,2
autom,1.9524501112755388e-07,1.9524501112755388e-07,1
bukannya,1.9319204147905112e-07,-1.9319204147905112e-07,1
china,1.9207481273042503e-07,-1.9207481273042503e-07,2
shar,1.9200095994165167e-07,1.9200095994165167e-07,1
arah,1.91481267393101e-07,-1.91481267393101e-07,1
cer,1.9096144824288786e-07,-4.2603616020642225e-08,2
mencari,1.9047629029955716e-07,1.9047629029955716e-07,1
far,1.9020176841877402e-07,1.9020176841877402e-07,1
masing,1.8950133065421445e-07,-1.8950133065421445e-07,1
aq,1.8814536633726676e-07,1.8814536633726676e-07,1
penegak,1.881232383311726e-07,-1.881232383311726e-07,1
kembali,1.8612858210482435e-07,1.8612858210482435e-07,1
poto,1.8539354641688986e-07,1.8539354641688986e-07,1
pt,1.8534111829164128e-07,1.8534111829164128e-07,1
sian,1.8444559827912598e-07,-1.8444559827912598e-07,1
bahkan,1.843760007562066e-07,-1.843760007562066e-07,2
mum,1.835222756199073e-07,1.835222756199073e-07,1
berb,1.8257758347317577e-07,1.8257758347317577e-07,1
realistis,1.822129706852138e-07,1.822129706852138e-07,1
transform,1.8198579467328576e-07,1.8198579467328576e-07,1
pegawai,1.7991042841458694e-07,1.7991042841458694e-07,1
iri,1.7783232397050598e-07,1.7783232397050598e-07,1
laku,1.7583058070158587e-07,-1.7583058070158587e-07,1
akal,1.746915077092126e-07,-2.4484776076860724e-08,2
option,1.739583458402194e-07,-1.739583458402194e-07,1
ad,1.7349528206977992e-07,-1.7349528206977992e-07,1
tar,1.7236286657862365e-07,1.7236286657862365e-07,1
memberi,1.7188528727274388e-07,1.7188528727274388e-07,1
berbahagia,1.7186022087116725e-07,1.7186022087116725e-07,1
sigit,1.7155922614620067e-07,1.7155922614620067e-07,1
daging,1.7104041762650014e-07,-1.7104041762650014e-07,1
ngambil,1.6953510826819444e-07,1.6953510826819444e-07,1
unjuk,1.6897640671231784e-07,1.6897640671231784e-07,1
mengikuti,1.6872025007614866e-07,1.6872025007614866e-07,1
joko,1.676198320637923e-07,1.676198320637923e-07,2
inget,1.6729093113099224e-07,1.6729093113099224e-07,1
merica,1.6707202303223313e-07,1.6707202303223313e-07,1
terhadap,1.6640808462398128e-07,1.6640808462398128e-07,1
tentunya,1.6581183808739297e-07,-1.6581183808739297e-07,1
puk,1.653862127568573e-07,-1.653862127568573e-07,1
bernama,1.6393106488976627e-07,1.6393106488976627e-07,1
grafik,1.6131669690366835e-07,1.6131669690366835e-07,1
teh,1.611904881428927e-07,1.611904881428927e-07,1
militer,1.6019017857615837e-07,-1.6019017857615837e-07,1
andalan,1.5972883617602443e-07,1.5972883617602443e-07,1
jadinya,1.5921892918413506e-07,1.5921892918413506e-07,1
rileks,1.591687323525548e-07,1.591687323525548e-07,1
menghadap,1.5849212468310726e-07,1.5849212468310726e-07,1
negaranya,1.5584583798045058e-07,-1.5584583798045058e-07,1
hrs,1.5577471640426665e-07,-1.5577471640426665e-07,2
of,1.5318399181567309e-07,1.5318399181567309e-07,1
level,1.5224907717007833e-07,1.5224907717007833e-07,1
seen,1.5206076932372526e-07,-1.5206076932372526e-07,1
nah,1.5145989164011554e-07,-1.5145989164011554e-07,1
kepeng,1.506691587565001e-07,-1.506691587565001e-07,1
mati,1.4981836344396294e-07,-1.4981836224159628e-07,2
dlm,1.4933425213062685e-07,-1.371049444449974e-07,4
menjual,1.4812423978582955e-07,1.4812423978582955e-07,1
ampat,1.4806383587711025e-07,1.4806383587711025e-07,1
sja,1.471892755944282e-07,-1.471892755944282e-07,1
sm,1.4713511752363826e-07,-1.4713511752363826e-07,2
berkantor,1.4713092241436243e-07,-1.4713092241436243e-07,1
mesinnya,1.469042433330157e-07,-1.469042433330157e-07,1
berbanding,1.4643367467215284e-07,-1.4643367467215284e-07,1
pan,1.4474527415586635e-07,-1.4474527415586635e-07,1
service,1.4391804143087938e-07,1.4391804143087938e-07,1
keluarganya,1.4262837066780775e-07,1.4262837066780775e-07,1
mk,1.3828435203322442e-07,-1.335153274339973e-07,2
kompeten,1.379326422465965e-07,1.379326422465965e-07,1
konsisten,1.357519140583463e-07,1.357519140583463e-07,1
penutupan,1.3545426554628649e-07,1.3545426554628649e-07,1
we,1.3470658816206398e-07,1.2151347495495835e-07,2
produk,1.3401207303992227e-07,6.577319384654295e-08,3
balik,1.3352092719287612e-07,1.3352092719287612e-07,1
pengaduan,1.316289635724388e-07,1.316289635724388e-07,1
sela,1.3112782653479372e-07,-1.3112782653479372e-07,1
logika,1.309136496274732e-07,-1.309136496274732e-07,1
rit,1.3089306594338268e-07,1.3089306594338268e-07,1
tangkap,1.3066872634226458e-07,1.3066872634226458e-07,1
feat,1.3064243484266279e-07,1.3064243484266279e-07,1
her,1.3064243484266279e-07,1.3064243484266279e-07,1
dengar,1.298787877506887e-07,1.298787877506887e-07,1
elegan,1.2972440163139255e-07,1.2972440163139255e-07,1
ego,1.2958117986272554e-07,7.988261313585098e-08,2
berkata,1.294581888942048e-07,-1.294581888942048e-07,1
iliun,1.2830956984544173e-07,1.2830956984544173e-07,1
span,1.2650098506128416e-07,1.2650098506128416e-07,1
bermu,1.2588713434524833e-07,1.2588713434524833e-07,1
produsen,1.2402640277286992e-07,-1.2402640277286992e-07,1
love,1.2370968397590332e-07,-1.2370968397590332e-07,1
situ,1.2324052295298316e-07,1.2324052295298316e-07,1
maju,1.2293137660890352e-07,7.59771228331374e-08,3
ena,1.2264069664524868e-07,-1.2264069664524868e-07,1
dua,1.2256159425305667e-07,1.2256159425305667e-07,1
jul,1.218952838826226e-07,1.218952838826226e-07,1
but,1.215856391354464e-07,-1.215856391354464e-07,1
min,1.213863760009796e-07,1.213863760009796e-07,1
merusak,1.212267952723778e-07,-1.212267952723778e-07,1
raja,1.196584609715501e-07,1.196584609715501e-07,1
mend,1.1929717298227086e-07,-8.890397579779193e-08,2
pakai,1.1891103349626064e-07,1.1891103349626064e-07,1
aneh,1.1839203325507696e-07,-1.1839203325507696e-07,2
sch,1.1819963687490339e-07,1.1819963687490339e-07,1
ly,1.1813644050562289e-07,1.1813644050562289e-07,1
rata,1.1748241377063095e-07,-1.1748241377063095e-07,1
setengah,1.1699261570659777e-07,1.1699261570659777e-07,1
dendam,1.1648589133983478e-07,1.1648589133983478e-07,1
tri,1.1557427569641731e-07,-1.1557427569641731e-07,2
diperlihatkan,1.1489812459331005e-07,1.1489812459331005e-07,1
who,1.1395038018235936e-07,-1.1395038018235936e-07,1
manusia,1.1387212362024002e-07,-1.1387212362024002e-07,2
that,1.1292193084955215e-07,-1.1292193084955215e-07,1
dengki,1.125429553212598e-07,1.125429553212598e-07,1
bs,1.1157430344610476e-07,-1.1157430344610476e-07,1
etan,1.107061470975168e-07,-1.107061470975168e-07,1
eko,1.1018113582395017e-07,1.1018113582395017e-07,1
ely,1.0953222226817161e-07,1.0953222226817161e-07,1
selera,1.0750642541097476e-07,1.0750642541097476e-07,2
co,1.0732550435932353e-07,1.0732550435932353e-07,2
ktp,1.0575734294044585e-07,-1.0575734294044585e-07,1
qu,1.052411548056685e-07,8.639956519854733e-08,3
rang,1.0496962750039529e-07,1.0496962750039529e-07,1
dimanapun,1.0490434033272322e-07,1.0490434033272322e-07,1
memajukan,1.0472625821681245e-07,9.692347462727671e-08,2
mbok,1.0418431338621304e-07,-1.0418431338621304e-07,1
para,1.0401693568079888e-07,8.413569024317742e-08,2
halo,1.0394485434517264e-07,1.0394485434517264e-07,1
pang,1.0393145566922612e-07,1.0393145566922612e-07,1
jang,1.0373110853834078e-07,-1.0373110853834078e-07,1
esan,1.0300882422598078e-07,-1.0300882422598078e-07,1
diganti,1.021669668261893e-07,-1.021669668261893e-07,2
seharusnya,1.018405982904369e-07,-1.018405982904369e-07,1
metal,1.0183763515669853e-07,1.0183763515669853e-07,1
hd,1.0076316721097101e-07,1.0076316721097101e-07,1
speed,9.936202332028188e-08,9.936202332028188e-08,1
yakni,9.791717820917256e-08,9.791717820917256e-08,1
menindaklanjuti,9.775022954272572e-08,-9.775022954272572e-08,1
resmi,9.774484715308063e-08,-9.774484715308063e-08,1
lin,9.755541101358609e-08,9.755541101358609e-08,1
esar,9.727940778248012e-08,9.727940778248012e-08,1
sta,9.698925012939931e-08,9.698924752932388e-08,2
bia,9.681124486503125e-08,-9.681124486503125e-08,1
lum,9.631401917431504e-08,9.631401917431504e-08,1
ph,9.60247289185645e-08,9.60247289185645e-08,1
cara,9.593756203685188e-08,6.682548792014131e-08,2
aya,9.569658868713305e-08,1.3899618352297693e-08,2
melaporkan,9.555863107379992e-08,-9.555863107379992e-08,1
pengadilan,9.533536752617994e-08,-9.533536752617994e-08,1
ulang,9.444926035939716e-08,-9.444926035939716e-08,1
kara,9.43643826758489e-08,9.43643826758489e-08,1
tinggi,9.407990728504956e-08,-9.407990728504956e-08,1
tunjuk,9.292823415307794e-08,-9.292823415307794e-08,2
cemerlang,9.279619371227455e-08,9.279619371227455e-08,1
kat,9.208788105752319e-08,-9.208788105752319e-08,1
utu,9.205612150253728e-08,-9.205612150253728e-08,1
sebab,9.202112778439187e-08,-9.202112778439187e-08,1
ipan,9.161399430013262e-08,-9.161399430013262e-08,1
ergi,9.015084651764482e-08,9.015084651764482e-08,1
tito,8.850913157705994e-08,-8.850913157705994e-08,1
move,8.82358624093125e-08,8.82358624093125e-08,2
ting,8.735305436857743e-08,8.735305436857743e-08,2
curang,8.701409205968957e-08,8.701409205968957e-08,1
akibat,8.686880755703896e-08,-8.686880755703896e-08,1
ngan,8.653853728901595e-08,-8.653853728901595e-08,1
alam,8.649582650832599e-08,-8.649582650832599e-08,1
une,8.597023406764492e-08,-8.597023406764492e-08,1
pembuat,8.590290781285148e-08,8.590290781285148e-08,1
klau,8.510197221767157e-08,-8.510197221767157e-08,1
seorang,8.497060298395809e-08,8.497060298395809e-08,1
ibu,8.460735192611104e-08,-8.460735192611104e-08,1
ngga,8.434245816701266e-08,-7.891184953237709e-08,2
jd,8.396342023695228e-08,-8.396342023695228e-08,3
dit,8.284398791147396e-08,8.284398791147396e-08,1
jer,8.22787987999618e-08,-8.22787987999618e-08,1
berharap,8.147179687512107e-08,8.147179687512107e-08,1
laporan,8.026950854400639e-08,8.026950854400639e-08,1
mestinya,7.82810129749123e-08,-7.82810129749123e-08,1
namun,7.779803581797751e-08,-7.779803581797751e-08,1
bob,7.75723865670776e-08,7.75723865670776e-08,2
bat,7.69951548136305e-08,-7.69951548136305e-08,1
thn,7.659707625862211e-08,7.659707625862211e-08,1
berlarut,7.577593351015821e-08,-7.577593351015821e-08,1
rating,7.527745037805289e-08,-7.527745037805289e-08,1
hancur,7.51271805851362e-08,-7.51271805851362e-08,1
dik,7.507899430319888e-08,-7.507899430319888e-08,1
ju,7.497188926208765e-08,7.497188926208765e-08,1
oa,7.454217726869198e-08,7.454217726869198e-08,1
bersalah,7.43490400054725e-08,-7.43490400054725e-08,1
emon,7.417891611112281e-08,7.417891611112281e-08,1
black,7.378937880275771e-08,-7.378937880275771e-08,1
ipa,7.364468183368444e-08,-7.364468183368444e-08,1
sempurna,7.183808156696614e-08,7.183808156696614e-08,1
muda,7.162977090047207e-08,6.52183898637304e-08,2
ngeri,7.128441757231485e-08,-7.128441757231485e-08,1
ia,7.12191394995898e-08,-7.12191394995898e-08,1
seumur,7.033691508695483e-08,-7.033691508695483e-08,1
ase,6.980601938266773e-08,6.980601938266773e-08,1
kh,6.967497756704688e-08,-6.967497756704688e-08,1
lh,6.902244422235526e-08,-6.902244422235526e-08,1
rob,6.83226899127476e-08,-6.83226899127476e-08,1
dah,6.815242522861809e-08,6.815242522861809e-08,1
petinggi,6.69474175083451e-08,-6.69474175083451e-08,1
rakus,6.659509199380408e-08,6.659509199380408e-08,1
korban,6.646891909310527e-08,6.646891909310527e-08,2
widodo,6.619255873374641e-08,-6.619255873374641e-08,1
uin,6.61214562569512e-08,6.61214562569512e-08,1
debu,6.565052171936259e-08,6.565052171936259e-08,1
bingung,6.564435898326338e-08,-6.564435898326338e-08,1
pri,6.516754688669202e-08,-6.516754688669202e-08,1
meski,6.477451825048774e-08,-6.477451825048774e-08,1
balas,6.467396451625973e-08,6.467396451625973e-08,1
polri,6.403390852938174e-08,-6.403390852938174e-08,2
please,6.403052248060704e-08,6.403052248060704e-08,1
may,6.205665219264726e-08,6.205665219264726e-08,1
financial,6.184828816913068e-08,6.184828816913068e-08,1
life,6.167966057546437e-08,-6.167966057546437e-08,1
rat,6.147376616889446e-08,6.147376616889446e-08,2
cong,6.14737655268982e-08,6.14737655268982e-08,1
ulation,6.14737655268982e-08,6.14737655268982e-08,1
ime,6.129965186119079e-08,6.129965186119079e-08,1
bangga,6.090978032651557e-08,-6.090978032651557e-08,2
hl,6.067752110539004e-08,-6.067752110539004e-08,1
bedanya,6.042686739723043e-08,6.042686739723043e-08,1
kesalahan,5.983389746688773e-08,-5.983389746688773e-08,1
wisata,5.9261526985210364e-08,5.9261526985210364e-08,1
tersebut,5.790983050246723e-08,5.790983050246723e-08,1
dipas,5.773513294116128e-08,-5.773513294116128e-08,1
ce,5.760731477898339e-08,5.760731477898339e-08,1
tetep,5.694779683835804e-08,-5.694779683835804e-08,1
lembaga,5.681126640411094e-08,-5.681126640411094e-08,1
blue,5.652332895676539e-08,5.652332895676539e-08,1
berhubung,5.5282364862958075e-08,5.5282364862958075e-08,2
um,5.523639265447855e-08,5.523639265447855e-08,1
ional,5.486173904500902e-08,5.486173904500902e-08,1
series,5.450198477774393e-08,5.450198477774393e-08,1
langgeng,5.435220919025596e-08,5.435220919025596e-08,1
kawasan,5.4001633543521165e-08,5.4001633543521165e-08,1
oknum,5.367755920815398e-08,-5.367755920815398e-08,2
bae,5.3266339818947016e-08,5.3266339818947016e-08,2
hotel,5.299365360163696e-08,5.299365360163696e-08,1
px,5.2751582188648174e-08,5.2751582188648174e-08,1
tu,5.250627873465419e-08,5.250627873465419e-08,1
inst,5.243027984154954e-08,5.243027984154954e-08,1
materi,5.191391966137517e-08,5.191391966137517e-08,1
spt,5.1705488721717317e-08,-5.1705488721717317e-08,2
yaa,5.166982009541243e-08,5.166982009541243e-08,1
our,5.13889408466639e-08,-5.13889408466639e-08,1
ilmu,5.038180825067684e-08,5.038180825067684e-08,1
sehingga,5.029259773436934e-08,5.029259773436934e-08,1
star,5.001136742066592e-08,5.001136742066592e-08,1
kreativitas,4.933254786010366e-08,4.933254786010366e-08,1
silahkan,4.932861338602379e-08,4.932861338602379e-08,1
sebagaimana,4.902829459751956e-08,4.902829459751956e-08,1
nafsu,4.890949122555968e-08,4.890949122555968e-08,1
segala,4.8713755859353114e-08,4.8713755859353114e-08,1
walaupun,4.835847461695916e-08,-4.835847461695916e-08,1
kemewahan,4.763089479335273e-08,4.763089479335273e-08,1
hero,4.7591660404577854e-08,-4.7591660404577854e-08,1
mie,4.7157118907697236e-08,4.7157118907697236e-08,1
core,4.704490605661388e-08,4.568740656679753e-08,2
al,4.642846306524007e-08,4.642846306524007e-08,2
sed,4.626013105735183e-08,4.626013105735183e-08,1
sadis,4.5360000755560275e-08,-4.5360000755560275e-08,1
kepentingan,4.50253501185216e-08,-4.50253501185216e-08,1
kejar,4.4390062612365e-08,4.4390062612365e-08,1
semata,4.435833822450755e-08,3.168321624495244e-08,2
perusak,4.426059877005173e-08,-4.426059877005173e-08,1
ditunjukkan,4.401471766565616e-08,4.401471766565616e-08,1
ks,4.3697305954992774e-08,-4.3697305954992774e-08,1
segi,4.36007752189956e-08,4.36007752189956e-08,1
faktanya,4.342878795190094e-08,-4.342878795190094e-08,1
beres,4.312678356654942e-08,4.312678356654942e-08,1
rentan,4.265471579856239e-08,-4.265471579856239e-08,1
miris,4.2429540371813347e-08,-4.2429540371813347e-08,1
laut,4.21144377469318e-08,-4.21144377469318e-08,1
berkem,4.202222771709785e-08,4.202222771709785e-08,1
ngurus,4.194666689727455e-08,-4.194666689727455e-08,1
c,4.1881990910042075e-08,4.1881990910042075e-08,1
kebon,4.173480131915615e-08,4.173480131915615e-08,1
diskusi,4.118964918436379e-08,4.118964918436379e-08,1
tetap,4.116984018764924e-08,-2.059471262327861e-08,2
nur,4.0676848584553225e-08,4.0676848584553225e-08,1
penjahat,4.0448958316119386e-08,-4.0448958316119386e-08,1
pribadi,4.034251460092118e-08,4.034251460092118e-08,2
ancaman,3.9958111301530155e-08,-3.9958111301530155e-08,1
cukup,3.972717850981906e-08,3.972717487335408e-08,2
berdasarkan,3.971837847508247e-08,3.971837743869294e-08,2
alat,3.918927177437581e-08,-3.918927177437581e-08,1
divonis,3.876303162542172e-08,-3.876303162542172e-08,1
terbukti,3.852269946946763e-08,3.852269946946763e-08,1
buah,3.8031788790249266e-08,2.8757311156368814e-08,2
uji,3.787223249673843e-08,-3.787223249673843e-08,1
berwisata,3.761573846835139e-08,3.761573846835139e-08,1
terlihat,3.7290351610863586e-08,-3.7290351610863586e-08,1
angker,3.680597183119971e-08,-3.680597183119971e-08,1
kin,3.63105215607599e-08,-3.63105215607599e-08,1
mng,3.63105215607599e-08,-3.63105215607599e-08,1
kap,3.5864478074169404e-08,-3.5864478074169404e-08,1
radi,3.5823813959723336e-08,3.5823813959723336e-08,1
minta,3.572988589439774e-08,3.572988589439774e-08,2
unit,3.564874532457907e-08,-3.564874532457907e-08,1
face,3.560628335565395e-08,-3.560628335565395e-08,1
utk,3.531274463360509e-08,-3.531274463360509e-08,2
kaum,3.450788790360093e-08,-3.450788790360093e-08,1
sisanya,3.3852087653940546e-08,3.3852087653940546e-08,1
keji,3.3784650440793486e-08,-3.3784650440793486e-08,1
ruh,3.3733168493199627e-08,-3.3733168493199627e-08,1
lux,3.365642126785435e-08,-3.365642126785435e-08,1
ers,3.362462424168674e-08,3.362462424168674e-08,1
bertobat,3.339441900607199e-08,3.339441900607199e-08,1
terbatas,3.3176178476423954e-08,3.3176178476423954e-08,1
menentukan,3.2996258394430496e-08,3.2996258394430496e-08,1
dg,3.225417094654404e-08,-3.225417094654404e-08,1
dir,3.198361567532022e-08,3.198361567532022e-08,1
aba,3.198361567532022e-08,3.198361567532022e-08,1
ianat,3.18025668093469e-08,-3.18025668093469e-08,2
selamanya,3.089986894337925e-08,3.089986894337925e-08,1
300,3.077025758102536e-08,3.077025758102536e-08,1
kinerjanya,3.056198329431936e-08,-3.056198329431936e-08,1
herm,2.9769056709483265e-08,2.9769056709483265e-08,1
ingat,2.944864447474376e-08,-2.944864447474376e-08,2
tinta,2.913213575084228e-08,2.913213575084228e-08,1
sor,2.9128874302841723e-08,-2.9128874302841723e-08,1
nged,2.859768574126065e-08,2.859768574126065e-08,1
garam,2.8481492336140946e-08,-2.8481492336140946e-08,1
turis,2.8308435503276998e-08,2.8308435503276998e-08,1
temurun,2.816062386465581e-08,2.816062386465581e-08,1
etail,2.8112292056903244e-08,-2.8112292056903244e-08,1
didatangkan,2.7655320081976244e-08,2.7655320081976244e-08,1
oha,2.756159665295854e-08,-2.756159665295854e-08,1
bumi,2.729465211612276e-08,-2.729465211612276e-08,1
mempunyai,2.6900044758804143e-08,2.6900044758804143e-08,1
indo,2.5938549273026486e-08,-1.972667927879633e-08,2
kejahatan,2.578764056341329e-08,-2.0144940827733424e-08,2
nn,2.5677072699181737e-08,-2.5677072699181737e-08,1
tempe,2.5674034986877815e-08,2.5674034986877815e-08,1
samsung,2.5261095288442446e-08,-2.5261095288442446e-08,1
jujur,2.517155917303171e-08,-2.517155917303171e-08,1
masak,2.5165348233713303e-08,-2.5165348233713303e-08,2
ketahanan,2.503693031030707e-08,2.503693031030707e-08,1
000,2.4236943862775374e-08,2.4236943862775374e-08,1
trs,2.4062454758677633e-08,-2.4062454758677633e-08,1
kaw,2.3999986296985298e-08,-2.3999986296985298e-08,1
sesi,2.3824522456076615e-08,2.3824522456076615e-08,1
komplain,2.364682505786833e-08,2.364682505786833e-08,1
bersikap,2.3584503651363777e-08,-2.3584503651363777e-08,1
subianto,2.3418117052642627e-08,2.3418117052642627e-08,1
menghentikan,2.332616406622239e-08,2.332616406622239e-08,1
asta,2.3200198484119027e-08,-2.3200198484119027e-08,1
gh,2.3200198484119027e-08,-2.3200198484119027e-08,1
rp,2.312738222741688e-08,2.312738222741688e-08,1
keputusan,2.3124075596570036e-08,-2.3124075596570036e-08,1
content,2.2806552199957274e-08,2.2806552199957274e-08,1
menjadi,2.2766900656279178e-08,1.1558258847799153e-08,2
berpikir,2.2696403902955352e-08,-2.2696403902955352e-08,2
tolong,2.262751201648023e-08,-2.262751201648023e-08,2
melemahkan,2.2549724235432223e-08,2.2549724235432223e-08,1
iling,2.2465737336980444e-08,2.2465737336980444e-08,1
saling,2.2428069444556186e-08,-2.2428069444556186e-08,1
pengalihan,2.242095797555521e-08,2.242095797555521e-08,1
penggilingan,2.2238524252315983e-08,2.2238524252315983e-08,1
hat,2.2140082971115288e-08,-2.2140082971115288e-08,1
ati,2.2026491812236297e-08,-2.2026491812236297e-08,1
luna,2.2000739894186453e-08,-2.2000739894186453e-08,1
kemajuan,2.1917310732533224e-08,2.1917310732533224e-08,1
negerinya,2.1886430788851743e-08,-2.1886430788851743e-08,1
sebagai,2.1757128706667573e-08,2.1757128706667573e-08,1
terulang,2.1700752768083475e-08,2.1700752768083475e-08,1
atasi,2.165759724448435e-08,2.165759724448435e-08,1
look,2.148980274796486e-08,-2.148980274796486e-08,1
kond,2.1392791677499188e-08,-2.1392791677499188e-08,1
angan,2.1392791677499188e-08,-2.1392791677499188e-08,1
terserah,2.1254421466730806e-08,2.1254421466730806e-08,1
terbilang,2.122484430502583e-08,2.122484430502583e-08,1
dj,2.121095712936949e-08,-2.121095712936949e-08,1
aslinya,2.0994569067191886e-08,-2.0994569067191886e-08,1
berk,2.0929829285402472e-08,2.0929829285402472e-08,1
menghilangkan,2.085762025672011e-08,-2.085762025672011e-08,1
kalah,2.0780991949972563e-08,2.0780991949972563e-08,1
antara,2.070399932563305e-08,-2.070399932563305e-08,1
katakan,2.054373180726543e-08,-2.054373180726543e-08,1
rukun,2.045788278337568e-08,2.045788278337568e-08,1
boom,1.9524735106260352e-08,-1.9524735106260352e-08,1
saingan,1.9463174144870466e-08,1.9463174144870466e-08,1
profesional,1.9066646018472966e-08,1.9066646018472966e-08,1
membiarkan,1.8805985746439548e-08,-1.8805985746439548e-08,1
02,1.873748260550201e-08,-1.873748260550201e-08,1
sop,1.8727262067841364e-08,1.8727262067841364e-08,1
31,1.8661127604979526e-08,1.8661127604979526e-08,1
servis,1.862045064626727e-08,1.862045064626727e-08,1
ditungg,1.8407232346362435e-08,-1.8407232346362435e-08,1
angi,1.8407232346362435e-08,-1.8407232346362435e-08,1
ikut,1.829850514461155e-08,-1.829850514461155e-08,1
hilang,1.822186918399807e-08,1.822186918399807e-08,1
prod,1.790803435142152e-08,-1.790803435142152e-08,1
eo,1.790803435142152e-08,-1.790803435142152e-08,1
mengungkap,1.7859696223846788e-08,-1.7859696223846788e-08,1
ury,1.7853914444761653e-08,-1.7853914444761653e-08,1
speaker,1.7791628434839794e-08,-1.7791628434839794e-08,1
dp,1.7791628434839794e-08,-1.7791628434839794e-08,1
gus,1.7700102034723387e-08,1.7700102034723387e-08,1
mengantar,1.7601185237044075e-08,1.7601185237044075e-08,1
buatkan,1.742588522444878e-08,-1.742588522444878e-08,1
jika,1.7281907275901176e-08,-1.7281907275901176e-08,2
agre,1.7206864868057893e-08,-1.7206864868057893e-08,1
mahal,1.693071681074798e-08,-1.693071681074798e-08,1
kemarahan,1.6823677126214737e-08,1.6823677126214737e-08,1
rancangan,1.6389678421546705e-08,1.6389678421546705e-08,1
berhenti,1.633571001649317e-08,1.633571001649317e-08,1
elektronik,1.612252974934693e-08,-1.612252974934693e-08,1
perangkat,1.612252974934693e-08,-1.612252974934693e-08,1
gadget,1.6086330041226965e-08,-1.6086330041226965e-08,1
at,1.601847276712457e-08,1.601847276712457e-08,1
peduli,1.594894638401456e-08,-1.594894638401456e-08,1
justru,1.594894638401456e-08,-1.594894638401456e-08,1
menghal,1.5937020179990212e-08,-1.5937020179990212e-08,1
pilih,1.5889650057943072e-08,-1.5889650057943072e-08,1
swasta,1.5864399886465564e-08,-1.5864399886465564e-08,1
jk,1.5516099455663396e-08,-1.5516099455663396e-08,1
din,1.5460929716937245e-08,-1.5460929716937245e-08,1
ullah,1.5341804100899024e-08,-1.5341804100899024e-08,1
bicara,1.5288806935132017e-08,-1.5288806935132017e-08,1
bantu,1.5237836903127444e-08,1.5237836903127444e-08,1
tindakan,1.5034860552987085e-08,1.5034860552987085e-08,1
dilihat,1.4707926048787258e-08,3.9419111191010473e-10,2
konon,1.4655270206276327e-08,1.4655270206276327e-08,1
menonton,1.4552186864117779e-08,-1.4552186864117779e-08,1
subsidi,1.4473439074130491e-08,1.4473439074130491e-08,1
anggota,1.4398332496057265e-08,1.4398332496057265e-08,1
le,1.4262536327199389e-08,-1.4262536327199389e-08,1
fir,1.416500163031742e-08,-1.416500163031742e-08,1
now,1.3973549357615411e-08,-1.3973549357615411e-08,1
urusan,1.3764644791081083e-08,-1.3764644791081083e-08,1
tekanan,1.3213233614806085e-08,-1.3213233614806085e-08,1
independen,1.3204389688326045e-08,-1.3204389688326045e-08,1
menyedihkan,1.315487315878272e-08,1.315487315878272e-08,1
sungguh,1.3131984815117903e-08,-1.3131984815117903e-08,1
teknologi,1.3071727153146639e-08,1.3071727153146639e-08,2
ated,1.2738528312183916e-08,-1.2738528312183916e-08,1
vocal,1.22207476608012e-08,1.22207476608012e-08,1
go,1.1755098967114464e-08,1.1755098967114464e-08,1
bap,1.1701256573273678e-08,1.1701256573273678e-08,1
01,1.1681291351976804e-08,1.1681291351976804e-08,1
proses,1.1660551535896957e-08,1.1660551535896957e-08,1
kuasai,1.1449634712334955e-08,1.1449634712334955e-08,1
nekat,1.1406763615713526e-08,1.1406763615713526e-08,1
kering,1.1399368824121275e-08,1.1399368824121275e-08,1
pls,1.1305203467297057e-08,1.1305203467297057e-08,1
semudah,1.1251524847466498e-08,-1.1251524847466498e-08,1
rah,1.1094409273937345e-08,1.1094409273937345e-08,1
lainnya,1.0740953752540322e-08,1.0740953752540322e-08,1
seseorang,1.050096398103051e-08,1.050096398103051e-08,1
egara,1.0479248885530979e-08,-1.0479248885530979e-08,1
kuli,1.0214689609711059e-08,-1.0214689609711059e-08,1
peka,9.938023140421137e-09,-9.938023140421137e-09,1
ketan,9.935304963922439e-09,9.935304963922439e-09,1
can,9.877156116999686e-09,-9.877156116999686e-09,1
bert,9.669737101787523e-09,-9.669737101787523e-09,1
diter,9.575967851560564e-09,9.575967851560564e-09,1
awang,9.575967851560564e-09,9.575967851560564e-09,1
utus,9.414509198298524e-09,9.414509198298524e-09,1
tindak,9.320906337961788e-09,-9.320906337961788e-09,1
kejadian,9.07314735943348e-09,-9.07314735943348e-09,1
daya,9.034445351322315e-09,-9.034445351322315e-09,1
berkaca,9.0104149421677e-09,9.0104149421677e-09,1
sebagian,9.005794709082693e-09,-9.005794709082693e-09,1
kn,8.985964996099938e-09,-8.985964996099938e-09,1
bh,8.985964996099938e-09,-8.985964996099938e-09,1
ilan,8.934255957784546e-09,8.934255957784546e-09,1
print,8.934255957784546e-09,8.934255957784546e-09,1
kertas,8.895427527022548e-09,8.895427527022548e-09,1
pemikirannya,8.862145477905869e-09,-8.862145477905869e-09,1
muka,8.845327101880685e-09,8.845327101880685e-09,1
kpd,8.792740118224173e-09,-8.792740118224173e-09,1
campur,8.706165174641812e-09,9.033815851060876e-10,2
bem,8.546546268917155e-09,-8.546546268917155e-09,1
per,8.546546268917155e-09,-8.546546268917155e-09,1
hampir,8.484739792977405e-09,8.484739792977405e-09,2
desainnya,8.288687240565196e-09,8.288687240565196e-09,1
lokal,8.28136017577531e-09,8.28136017577531e-09,1
bila,8.265602446044795e-09,8.265602446044795e-09,1
mikir,8.265602446044795e-09,8.265602446044795e-09,1
sk,8.068598516628197e-09,-8.068598516628197e-09,2
sekedar,7.967073608077562e-09,7.967073608077562e-09,1
pik,7.944960088934749e-09,7.944960088934749e-09,1
sekelas,7.266698958119377e-09,-7.266698958119377e-09,1
sopir,7.253184986229127e-09,7.253184986229127e-09,1
berw,7.243977112617964e-09,-7.243977112617964e-09,1
ajib,7.243977112617964e-09,-7.243977112617964e-09,1
pencemaran,7.137773223510208e-09,-7.137773223510208e-09,1
berikutnya,7.137773223510208e-09,-7.137773223510208e-09,1
wajar,6.895366823300719e-09,-6.895366823300719e-09,1
ancam,6.812093809404519e-09,-6.812093809404519e-09,1
transisi,6.774021585442824e-09,-6.774021585442824e-09,1
olehkan,6.611881852020613e-09,6.611881852020613e-09,1
perb,6.611881852020613e-09,6.611881852020613e-09,1
urg,6.6110751504311336e-09,-6.6110751504311336e-09,1
dis,6.557861231539714e-09,-6.557861231539714e-09,2
ami,6.5362842157603386e-09,6.5362842157603386e-09,1
enc,6.536283573764078e-09,6.536283573764078e-09,1
elas,6.528323057055887e-09,6.528323057055887e-09,1
berisi,6.424176281143445e-09,6.424176281143445e-09,1
membuktikan,6.3907764342729935e-09,6.3907764342729935e-09,1
meraba,6.286894575977284e-09,-6.286894575977284e-09,1
jawaban,6.268233846640214e-09,6.268233846640214e-09,1
konstitusi,6.130338442744688e-09,-6.130338442744688e-09,1
bermula,6.007110641803592e-09,6.007110641803592e-09,1
menyerahkan,5.8300120144849645e-09,-5.8300120144849645e-09,1
lobang,5.71731899794824e-09,5.71731899794824e-09,1
tangan,5.421099447102602e-09,4.188447312645299e-09,2
blok,5.272985617921222e-09,-5.272985617921222e-09,1
bpk,5.20094545208849e-09,5.20094545208849e-09,1
mini,5.145009062205248e-09,5.145009062205248e-09,1
ie,5.145007778212728e-09,5.145007778212728e-09,1
dewasa,5.050611434853636e-09,-5.050611434853636e-09,1
singkat,5.01255999552086e-09,5.01255999552086e-09,1
foto,4.92699837195687e-09,4.92699837195687e-09,1
wawasan,4.915194949717261e-09,-4.915194949717261e-09,1
hajat,4.822786090349277e-09,4.822786090349277e-09,1
gugatan,4.69644388038219e-09,-4.69644388038219e-09,1
monitor,4.637729620703289e-09,4.637729620703289e-09,1
mp,4.472229678261404e-09,-4.472229678261404e-09,1
logis,4.427139174367767e-09,-4.427139174367767e-09,1
layak,4.419252945808694e-09,4.419252945808694e-09,1
dicurigai,4.419252945808694e-09,4.419252945808694e-09,1
serta,4.419252945808694e-09,4.419252945808694e-09,1
patut,4.419252945808694e-09,4.419252945808694e-09,1
lir,4.152745077590225e-09,4.152745077590225e-09,1
umpah,4.11270866607083e-09,-4.11270866607083e-09,1
janji,3.969890713051427e-09,3.969890713051427e-09,1
sibuk,3.919464991971229e-09,3.919464991971229e-09,1
hub,3.8562389818253e-09,-3.8562389818253e-09,1
rokan,3.792662960073905e-09,3.792662960073905e-09,1
oh,3.74111368728336e-09,-3.74111368728336e-09,1
kel,3.740356987691484e-09,-3.740356987691484e-09,1
mesti,3.5304783523315565e-09,-3.5304783523315565e-09,1
report,3.5304783523315565e-09,-3.5304783523315565e-09,1
ko,3.3840933610918e-09,3.3840933610918e-09,1
42,3.3704418456181885e-09,3.3704418456181885e-09,1
kau,3.2932948670350016e-09,3.2932948670350016e-09,1
dibilang,3.2515908969799055e-09,3.2515908969799055e-09,1
kesana,3.244564140914008e-09,3.244564140914008e-09,1
caranya,3.216090590285603e-09,3.216090590285603e-09,1
base,3.1816513183002826e-09,3.1816513183002826e-09,1
us,3.1816513183002826e-09,3.1816513183002826e-09,1
yte,3.1482021378386577e-09,-3.1482021378386577e-09,1
beralih,3.1271902625248714e-09,3.1271902625248714e-09,1
ge,3.0349401640705766e-09,-3.0349401640705766e-09,1
reen,3.0337105272337793e-09,3.0337105272337793e-09,1
komponen,2.9824186640325935e-09,-2.9824186640325935e-09,1
institusi,2.963183305837447e-09,-2.963183305837447e-09,1
sektor,2.963183305837447e-09,-2.963183305837447e-09,1
kej,2.8213498678399316e-09,2.8213498678399316e-09,1
elekan,2.8213498678399316e-09,2.8213498678399316e-09,1
berkh,2.8172071324661375e-09,-2.8172071324661375e-09,1
mic,2.780285717942297e-09,-2.780285717942297e-09,1
hape,2.7027563841589395e-09,2.7027563841589395e-09,1
199,2.695850735347592e-09,2.695850735347592e-09,1
nokia,2.6958502171528225e-09,2.6958502171528225e-09,1
rai,2.6398793124826625e-09,2.6398793124826625e-09,1
error,2.4653902477843475e-09,2.4653902477843475e-09,1
ubsidi,2.4451525654688837e-09,-2.4451525654688837e-09,1
terjadi,2.391896487097256e-09,2.391896487097256e-09,1
pergi,2.3845122996135615e-09,2.3845122996135615e-09,1
country,2.322653017472476e-09,2.322653017472476e-09,1
power,2.2948648257417022e-09,2.2948648257417022e-09,1
pola,2.2391241145669485e-09,-2.2391241145669485e-09,1
dilantik,2.2276908566709606e-09,-2.2276908566709606e-09,1
menu,2.1098130673635752e-09,-2.1098130673635752e-09,1
sedangkan,2.0862207747995854e-09,-2.0862207747995854e-09,1
debat,2.0573768577176253e-09,-2.0573768577176253e-09,1
2025,1.9145445548929273e-09,-1.9145445548929273e-09,1
mengh,1.8809842003975066e-09,-1.8809842003975066e-09,1
iz,1.7052152543328702e-09,-1.7052152543328702e-09,1
bb,1.6563972167205066e-09,1.6563972167205066e-09,1
listrik,1.6009958017093595e-09,1.6009958017093595e-09,1
kr,1.5877814375391394e-09,-1.5877814375391394e-09,1
pembawaan,1.58638613356743e-09,1.58638613356743e-09,1
dng,1.5855488787305407e-09,1.5855488787305407e-09,1
berinteraksi,1.5855488787305407e-09,1.5855488787305407e-09,1
kek,1.5308014553738758e-09,1.5308014553738758e-09,1
harmonis,1.5061086742207407e-09,1.5061086742207407e-09,1
mis,1.468325758145915e-09,1.468325758145915e-09,1
tv,1.4683257581459147e-09,1.4683257581459147e-09,1
jarang,1.459294773147641e-09,-1.459294773147641e-09,1
perh,1.3790957988627876e-09,-1.3790957988627876e-09,1
memenuhi,1.3362478057388217e-09,1.3362478057388217e-09,1
syarat,1.3362478057388217e-09,1.3362478057388217e-09,1
sj,1.3192602636991068e-09,-1.3192602636991068e-09,1
menangani,1.1020938472938725e-09,1.1020938472938725e-09,1
dic,1.0865366729216047e-09,1.0865366729216047e-09,2
ocokan,1.0865360309253448e-09,1.0865360309253448e-09,1
wilayah,1.0513711862990426e-09,-1.0513711862990426e-09,1
bahasa,1.050802893587388e-09,1.050802893587388e-09,1
ungkinan,9.342838893644512e-10,-9.342838893644512e-10,1
sbg,9.156239964515689e-10,9.156239964515689e-10,1
ondisi,8.706369823942494e-10,8.706369823942494e-10,1
peng,8.706369823942494e-10,8.706369823942494e-10,1
dikurangi,6.796889866436882e-10,-6.796889866436882e-10,1
19,6.787524687851065e-10,-6.787524687851065e-10,1
david,6.787503869044359e-10,-6.787503869044359e-10,1
bg,6.787498687096666e-10,-6.787498687096666e-10,1
50,6.787498687096665e-10,-6.787498687096665e-10,1
denger,6.787498687096665e-10,-6.787498687096665e-10,1
komentar,6.787498687096665e-10,-6.787498687096665e-10,1
kesimpulan,6.787498687096665e-10,-6.787498687096665e-10,1
ank,6.78749744908176e-10,-6.78749744908176e-10,1
jg,6.240734364837408e-10,-6.240734364837408e-10,1
misal,6.163260672286513e-10,-6.163260672286513e-10,1
keluar,5.743709944051504e-10,-5.743709944051504e-10,1
170,5.743691601274608e-10,-5.743691601274608e-10,1
napas,5.743691601274608e-10,-5.743691601274608e-10,1
uge,5.026727844129449e-10,5.026727844129449e-10,1
diinter,4.959365469403565e-10,4.959365469403565e-10,1
ogasi,4.959365469403565e-10,4.959365469403565e-10,1
tetangga,4.624716893886216e-10,-4.624716893886216e-10,1
praktek,4.475296009331942e-10,4.475296009331942e-10,1
seutuhnya,1.6106969269458206e-10,-1.6106969269458206e-10,1
lepas,1.6106969269458206e-10,-1.6106969269458206e-10,1
gim,1.488024281570688e-10,1.488024281570688e-10,1
bal,1.488024281570688e-10,1.488024281570688e-10,1
lm,9.609357217408174e-15,-9.609357217408174e-15,1
yn,9.609357217408174e-15,-9.609357217408174e-15,1
bright,5.33089597820412e-15,-5.33089597820412e-15,1
29,3.3728167983211948e-15,-3.3728167983211948e-15,1
clear,3.118270209543491e-15,-3.118270209543491e-15,1
eg,2.600075439957934e-15,-2.600075439957934e-15,1
bocor,1.8342776893934744e-15,-1.8342776893934744e-15,1
24,1.818232489564524e-15,-1.818232489564524e-15,1
22,1.4806973454681754e-15,-1.4806973454681754e-15,1
wireless,1.3642420526593924e-15,1.3642420526593924e-15,1
headset,1.3642420526593924e-15,1.3642420526593924e-15,1
redmi,1.300037719978967e-15,-1.300037719978967e-15,1
ite,1.300037719978967e-15,-1.300037719978967e-15,1
lite,1.300037719978967e-15,-1.300037719978967e-15,1
comfort,1.3000377199789667e-15,-1.3000377199789667e-15,1
ms,1.3000377199789667e-15,-1.3000377199789667e-15,1
usa,1.3000377199789667e-15,-1.3000377199789667e-15,1
tech,1.3000377199789665e-15,-1.3000377199789665e-15,1
db,1.3000377199789665e-15,-1.3000377199789665e-15,1
36,1.3000377199789665e-15,-1.3000377199789665e-15,1
ging,1.3000377199789665e-15,-1.3000377199789665e-15,1
kencang,1.3000377199789665e-15,-1.3000377199789665e-15,1
rom,1.2839925201500162e-15,1.2839925201500162e-15,1
ipi,1.283992520150016e-15,1.283992520150016e-15,1
tert,1.283992520150016e-15,1.283992520150016e-15,1
sebelah,1.1193780944897579e-15,1.1193780944897579e-15,1
tenggelam,1.1193780944897579e-15,1.1193780944897579e-15,1
penilaian,1.036389539171114e-15,-1.036389539171114e-15,1
35,1.036389539171114e-15,-1.036389539171114e-15,1
separ,6.580414599039588e-16,-6.580414599039588e-16,1
37,6.580414599039586e-16,-6.580414599039586e-16,1
tipis,6.580414599039585e-16,-6.580414599039585e-16,1
monok,6.419962600750082e-16,6.419962600750082e-16,1
heboh,6.419962600750082e-16,6.419962600750082e-16,1
ody,6.419962600750082e-16,6.419962600750082e-16,1
low,6.419962600750082e-16,6.419962600750082e-16,1
119,6.419962600750082e-16,6.419962600750082e-16,1
ise,6.419962600750082e-16,6.419962600750082e-16,1
44,6.419962600750082e-16,6.419962600750082e-16,1
mel,6.419962600750082e-16,6.419962600750082e-16,1
soul,6.419962600750082e-16,6.419962600750082e-16,1
no,6.419962600750082e-16,6.419962600750082e-16,1
inv,6.419962600750082e-16,6.419962600750082e-16,1
bening,6.419962600750082e-16,6.419962600750082e-16,1
ali,6.419962600750082e-16,6.419962600750082e-16,1
bit,6.419962600750082e-16,6.419962600750082e-16,1
tic,6.419962600750081e-16,6.419962600750081e-16,1
radio,6.419962600750081e-16,6.419962600750081e-16,1
reng,6.419962600750081e-16,6.419962600750081e-16,1
51,6.419962600750081e-16,6.419962600750081e-16,1
08,6.419962600750081e-16,6.419962600750081e-16,1
09,6.419962600750081e-16,6.419962600750081e-16,1
wave,6.419962600750081e-16,6.419962600750081e-16,1
jb,6.419962600750081e-16,6.419962600750081e-16,1
az,6.419962600750081e-16,6.419962600750081e-16,1
53,6.419962600750081e-16,6.419962600750081e-16,1
mono,6.419962600750081e-16,6.419962600750081e-16,1
audio,6.419962600750081e-16,6.419962600750081e-16,1
gro,6.419962600750081e-16,6.419962600750081e-16,1
cemp,6.419962600750081e-16,6.419962600750081e-16,1
kt,6.419962600750081e-16,6.419962600750081e-16,1
kadarnya,6.419962600750081e-16,6.419962600750081e-16,1
colok,6.419962600750081e-16,6.419962600750081e-16,1
16,6.419962600750081e-16,6.419962600750081e-16,1
free,6.419962600750081e-16,6.419962600750081e-16,1
nam,6.419962600750081e-16,6.419962600750081e-16,1
ulikan,6.419962600750081e-16,6.419962600750081e-16,1
diperd,6.419962600750081e-16,6.419962600750081e-16,1
14,6.41996260075008e-16,6.41996260075008e-16,1
195,6.41996260075008e-16,6.41996260075008e-16,1
micro,6.41996260075008e-16,6.41996260075008e-16,1
hay,6.41996260075008e-16,6.41996260075008e-16,1
mac,6.41996260075008e-16,6.41996260075008e-16,1
onn,6.41996260075008e-16,6.41996260075008e-16,1
aro,6.41996260075008e-16,6.41996260075008e-16,1
fu,6.41996260075008e-16,6.41996260075008e-16,1
ece,6.41996260075008e-16,6.41996260075008e-16,1
ect,6.41996260075008e-16,6.41996260075008e-16,1
usb,6.41996260075008e-16,6.41996260075008e-16,1
fi,6.011833249042008e-16,6.011833249042008e-16,1
edi,6.011833249042008e-16,6.011833249042008e-16,1
23,5.181947695855571e-16,-5.181947695855571e-16,1
145,5.181947695855571e-16,-5.181947695855571e-16,1
berantakan,5.181947695855571e-16,-5.181947695855571e-16,1
lp,5.181947695855571e-16,-5.181947695855571e-16,1
ats,5.181947695855571e-16,-5.181947695855571e-16,1
casing,5.181947695855571e-16,-5.181947695855571e-16,1
kotor,5.181947695855571e-16,-5.181947695855571e-16,1
27,5.181947695855571e-16,-5.181947695855571e-16,1
28,5.181947695855571e-16,-5.181947695855571e-16,1
49,5.18194769585557e-16,-5.18194769585557e-16,1
tajam,5.18194769585557e-16,-5.18194769585557e-16,1
berlebihan,5.18194769585557e-16,-5.18194769585557e-16,1
118,5.18194769585557e-16,-5.18194769585557e-16,1
balance,5.18194769585557e-16,-5.18194769585557e-16,1
admin,5.181947695855569e-16,-5.181947695855569e-16,1
26,5.181947695855569e-16,-5.181947695855569e-16,1
dibuat,5.181947695855569e-16,-5.181947695855569e-16,1
komen,5.181947695855569e-16,-5.181947695855569e-16,1
berkenan,5.181947695855569e-16,-5.181947695855569e-16,1
pin,5.181947695855569e-16,-5.181947695855569e-16,1
macam,5.181947695855569e-16,-5.181947695855569e-16,1
jumlah,5.181947695855569e-16,-5.181947695855569e-16,1
yatt,5.181947695855569e-16,-5.181947695855569e-16,1
pecah,1.80659625489208e-16,-1.80659625489208e-16,1
cr,1.2380149048945123e-16,1.2380149048945123e-16,1
